CREATE DATABASE  IF NOT EXISTS `telecomv2` /*!40100 DEFAULT CHARACTER SET latin1 */;
USE `telecomv2`;
-- MySQL dump 10.13  Distrib 5.5.41, for debian-linux-gnu (i686)
--
-- Host: localhost    Database: telecomv2
-- ------------------------------------------------------
-- Server version	5.5.41-0ubuntu0.12.04.1

/*!40101 SET @OLD_CHARACTER_SET_CLIENT=@@CHARACTER_SET_CLIENT */;
/*!40101 SET @OLD_CHARACTER_SET_RESULTS=@@CHARACTER_SET_RESULTS */;
/*!40101 SET @OLD_COLLATION_CONNECTION=@@COLLATION_CONNECTION */;
/*!40101 SET NAMES utf8 */;
/*!40103 SET @OLD_TIME_ZONE=@@TIME_ZONE */;
/*!40103 SET TIME_ZONE='+00:00' */;
/*!40014 SET @OLD_UNIQUE_CHECKS=@@UNIQUE_CHECKS, UNIQUE_CHECKS=0 */;
/*!40014 SET @OLD_FOREIGN_KEY_CHECKS=@@FOREIGN_KEY_CHECKS, FOREIGN_KEY_CHECKS=0 */;
/*!40101 SET @OLD_SQL_MODE=@@SQL_MODE, SQL_MODE='NO_AUTO_VALUE_ON_ZERO' */;
/*!40111 SET @OLD_SQL_NOTES=@@SQL_NOTES, SQL_NOTES=0 */;

--
-- Table structure for table `product`
--

DROP TABLE IF EXISTS `product`;
/*!40101 SET @saved_cs_client     = @@character_set_client */;
/*!40101 SET character_set_client = utf8 */;
CREATE TABLE `product` (
  `product_id` bigint(20) NOT NULL AUTO_INCREMENT,
  `product_name` varchar(600) NOT NULL,
  `product_shortname` varchar(100) NOT NULL,
  `product_image_path` varchar(45) NOT NULL,
  `product_category_id` bigint(20) NOT NULL,
  `product_description` varchar(2000) DEFAULT NULL,
  `product_positive` bigint(20) NOT NULL,
  `product_negative` bigint(20) NOT NULL,
  PRIMARY KEY (`product_id`),
  KEY `fk_product_category_idx` (`product_category_id`),
  CONSTRAINT `fk_product_product_category` FOREIGN KEY (`product_category_id`) REFERENCES `product_category` (`product_category_id`) ON DELETE NO ACTION ON UPDATE NO ACTION
) ENGINE=InnoDB AUTO_INCREMENT=2782 DEFAULT CHARSET=utf8;
/*!40101 SET character_set_client = @saved_cs_client */;

--
-- Dumping data for table `product`
--

LOCK TABLES `product` WRITE;
/*!40000 ALTER TABLE `product` DISABLE KEYS */;
INSERT INTO `product` VALUES (2653,'Bmobile QS810','Bmobile QS810','QS810.png',4,'\r\n\r\n	El Bmobile QS810 es un teléfono con el que podrás estar conectado con toda tu comunidad en todo momento ya que posee la banda 2G y te permite actualizar tus redes sociales de manera sencilla.',10,10),(2654,'LG DART A200','LG DART A200','DART A200.png',4,'',10,10),(2655,'Nokia 100','Nokia 100','100.png',4,'\r\n\r\n	El Nokia 100 es un teléfono económico, fácil de utilizar y posee una pantalla a color de 128 x 160 píxeles de resolución.',10,10),(2656,'Huawei G7206','Huawei G7206','G7206.png',4,'\r\n\r\n	El Huawei G7206 es un teléfono compacto, fácil de utilizar y posee una pantalla touchscreen de 2.8 pulgadas de 240 x 320 píxeles, su memoria se extiende hasta 8GB con tarjeta microSD.',10,10),(2657,'Huawei G3512','Huawei G3512','G3512.png',4,'\r\n\r\n	El Huawei G3512es un teléfono sencillo, compacto, agradable, colorido y cómodo, diseñado para personas que buscan un fácil y rápido medio de comunicación.',10,10),(2658,'Nokia C2-01','Nokia C2-01','C2 01.png',4,'',10,10),(2659,'Huawei G2800','Huawei G2800','G2800.png',4,'\r\n\r\n	El Huawei G2800 es un teléfono sencillo, compacto y cómodo, diseñado para personas que buscan un fácil y rápido medio de comunicación.',10,10),(2660,'Movistar NEON','Movistar NEON','NEON.png',4,'',10,10),(2661,'Huawei G6005','Huawei G6005','G6005.png',4,'\r\n\r\n	El Huawei G6005 es un teléfono económico, fácil de utilizar y posee una pantalla a color de 160 x 120 píxeles de resolución.',10,10),(2662,'Alcatel OT-606A','Alcatel OT-606A','OT 606A.png',4,'\r\n\r\n	El Alcatel One Touch 606A es un teléfono con el que podrás estar conectado al mundo en todo momento ya que posee la banda 2G y podrás actualizar tus redes sociales de manera sencilla.',10,10),(2663,'Alcatel OT-255 MT','Alcatel OT-255 MT','OT 255 MT.png',4,'\r\n\r\n	El Alcatel OneTouch225 MT es un teléfono diseñado para usuarios que disfrutan de comunicarse a través de mensajes de texto, esto debido a la facilidad al escribir que provee su teclado Qwerty. Viene en los colores negro, verde manzana y naranja (según disponibilidad)',10,10),(2664,'BlackBerry ARMSTRONG 9320','BlackBerry ARMSTRONG 9320','ARMSTRONG 9320.png',3,'\r\n\r\n	',10,10),(2665,'Movistar ONDA','Movistar ONDA','ONDA.png',4,'',10,10),(2666,'Apple iPhone 5 32GB','Apple iPhone 5 32GB','IPHONE 5 32GB.png',3,'\r\n\r\n	El más reciente modelo de Apple cuenta con procesador Dual-Core de 1.2 GHz. y la más reciente versión de su sistema operativo iOS 6. Posee una pantalla táctil de 4 pulgadas con tecnología Gorilla Glass que lo hace resistente a impactos y teclado QWERTY digital con detector de texto en múltiples idiomas para mandar mensajes de manera rápida y sencilla.',10,10),(2667,'BlackBerry 9790','BlackBerry 9790','9790.png',3,'\r\n\r\n	',10,10),(2668,'LG Optimus L9 P768','LG Optimus L9 P768','OPTIMUS L9 P768.png',3,'\r\n\r\n	El modelo LG Optimus L9 P768 es un celular inteligente elegante y de gran diseño, pero que además aprovecha lo mejor de la tecnología actual para darle la potencia necesaria para ser un Smartphone de calidad y buen rendimiento. Cuenta con un procesador Dual-Core de 1GHz y memoria RAM de 1 GB y viene con sistema operativo Android 4.0 (Ice Cream Sandwich).',10,10),(2669,'Nokia C2-02','Nokia C2-02','C2 02.png',4,'\r\n\r\n	El Nokia C2-02 es un teléfono celular lider de la línea Touch & Type. Posee una pantalla QVGA táctil de 2.6 pulgadas y una resolución de 240 x 320 megapíxeles y si no eres fan de escribir en la pantalla, puedes utilizar el teclado alfanumérico deslizable. Tiene la capacidad de expandir su memoria hasta 32GB con tarjetas microSD.',10,10),(2670,'Nokia Lumia 820 LTE','Nokia Lumia 820 LTE','LUMIA 820 LTE.png',3,'\r\n\r\n	El Smartphone Nokia Lumia 820 viene con sistema operativo Windows Phone 8, un procesador Dual-Core de 1.5 Ghz y memoria RAM de 1 GB.\r\n	Con la cámara de 8 MP podrás capturar imágenes fotográficas de hasta 3264x2448 píxeles, además con función de autoenfoque y dual flash LED. Además graba videos en Full HD con resolución de hasta 1080p.\r\n	Descubre lo que tienes a tu alrededor con Nokia Vista Urbana.',10,10),(2671,'Alcatel OT-720','Alcatel OT-720','OT 720.png',4,'\r\n\r\n	El Alcatel OneTouch720 es un teléfono con el que podrás estar conectado al mundo en todo momento ya que además de poseer la banda 2G, puede conectarse por WiFi con un solo botón. Accede a tus redes sociales Facebook y Twitter y mantente al tanto de la comunidad, o navega por la web e infórmate de lo que necesites.',10,10),(2672,'LG Optimus G E976','LG Optimus G E976','OPTIMUS G E976.png',3,'\r\n\r\n	El celular inteligente Optimus G E976 de LG cuenta con sistema operativo Android 4.1.2 (Jelly Bean) y un potente procesador Quad-Core de 1.5 GHz, además cuenta con una memoria RAM de 2GB haciendo de este Smartphone uno de los más veloces del mercado, ideal para las multitareas.\r\n	Memoria interna de 32 GB ideal para llevar siempre tus videos, fotos y música a todo lugar y disfrutar de ellos en cualquier momento.',10,10),(2673,'LG HORNET A255','LG HORNET A255','HORNET A255.png',4,'',10,10),(2674,'BlackBerry Q10 LTE','BlackBerry Q10 LTE','Q10 LTE.png',3,'\r\nEl modelo Q10 de Blackberry tiene un procesador Dual-Core de 1.5 Ghz, memoria RAM de 2Gb y sistema operativo Blackberry 10. Esto hace del Q10 un equipo súper rápido y dinámico para las multitareas.\r\n	El Blackberry Q10 viene con una pantalla táctil Super AMOLED de 3.1 pulgadas y teclado físico QWERTY, para una mejor navegación y una fácil escritura al momento de enviar mensajes, correos o actualizar tu estado en redes sociales.\r\n',10,10),(2675,'Nokia Lumia 520','Nokia Lumia 520','LUMIA 520.png',3,'\r\n\r\n	El Lumia 520 tiene pantalla táctil LCD de 4 pulgadas y es resistente a rayaduras. Además cuenta con una gran capacidad de almacenamiento a través de una memoria externa microSD de hasta 64Gb.\r\n	Cámara de 5MP, captura imágenes de 2592x1936 píxeles, tiene funciones de autoenfoque y geo-etiquetado, además graba video en HD con calidad de 720p.',10,10),(2676,'Samsung Galaxy Pocket Neo S5310','Samsung Galaxy Pocket Neo S5310','GALAXY POCKET NEO S5310.png',3,'\r\n\r\n	El Samsung E2230 combina un diseño atractivo con sorprendentes características en un tamaño compacto. Posee un procesador de 850 MHz, con 512 MB de memoria RAM y tiene capacidad de almacenamiento interno de 4 GB de memoria interna, expandible con memoria microSD hasta 32 GB. Incluye opciones avanzadas, como el sistema operativo Android, Jelly Bean 4.1 con el cual podrás descargar diversas aplicaciones desde el Google Play Store.',10,10),(2677,'LG Optimus L1 II E410','LG Optimus L1 II E410','OPTIMUS L1 II E410.png',3,'\r\n\r\n	El celular LG Optimus L1 II E410 viene con sistema operativo Android 4.1 (Jelly Bean) y acceso a la tienda de aplicaciones Google Play, donde se puede descargar diversas aplicaciones gratuitas y otras más a muy bajo precio.\r\n	El modelo LG Optimus L1 II cuenta con una ranura para la memoria externa, en donde se puede almacenar todo tipo de archivos en una tarjeta de memoria microSD con capacidad de hasta 32 Gb.',10,10),(2678,'Samsung E2230','Samsung E2230','E2230.png',4,'\r\n\r\n	El Samsung E2230 es un teléfono de diseño ergonómico y duradero, fácil de utilizar el cual te brindará una experiencia musical de primera, almacena todas tus canciones en una tarjeta microSD (hasta 8 GB)',10,10),(2679,'Samsung Galaxy Note 3 N900W8 + Galaxy Gear','Samsung Galaxy Note 3 N900W8 + Galaxy Gear','GALAXY NOTE 3 N900W8  GALAXY GEAR.png',3,'\r\n\r\n	Con un diseño más estilizado y con Android Jelly Bean 4.3 disfruta de todas tus aplicaciones desde su pantalla Full HD de 5,7 Super Amoled con Gorilla Glass.  Accede a tus perfiles de redes sociales como Facebook, Twitter, Google Plus y navega a tu gusto. Revisa y responde correos desde tus cuentas de Gmail, Outlook, Yahoo o Hotmail. Navegar por Google Maps nunca resulto ser más cómodo. ',10,10),(2680,'LG G2 D805','LG G2 D805','G2 D805.png',3,'\r\n\r\n	El LG G2 es un Smartphone muy potente con un procesador de cuatro núcleos Snapdragon a 2,26 GHz. Cuenta con una memoria RAM de 2GB y una capacidad de almacenamiento interna de hasta 32 GB, lo que lo convierte en uno de los teléfonos mejor equipados. LG incorporó en este modelo la tecnología Graphic RAM que permite reducir el consumo de energía de la pantalla, lo cual le brinda una mejor autonomía. Tiene una gran pantalla de 5,2 pulgadas Full HD (423ppp), multitáctil capacitiva con Gorila Glass 2.',10,10),(2681,'Apple iPhone 5S 16GB','Apple iPhone 5S 16GB','IPHONE 5S 16GB.png',3,'\r\n\r\n	El iPhone 5S es un Smartphone con un procesador A7 de 64 bits, lo que lo convierte en uno de lo más veloces. Cuenta con 1 GB de memoria RAM y viene en una presentación de 16 GB de almacenamiento interno. Soporta redes LTE (4G) de diferentes bandas, Bluetooth 4.0 y WiFi. Además, cuenta con la última versión del sistema operativo de Apple el iOS 7, el cual ofrece nuevas y mejores prestaciones, como la integración de cuentas de Facebook y Twitter sin tener que instalar ninguna aplicación.',10,10),(2682,'Samsung Galaxy Ch@t B5330','Samsung Galaxy Ch@t B5330','GALAXY CHAT B5330.png',3,'\r\n\r\n	Equipado con una pantalla de 3 pulgadas de gran resolución que brinda la mejor visualización y una experiencia de usuario mejorada. Posee un teclado QWERTY físico de diseño ergonómico, confortable para enviar mensajes, correos o navegar por internet. Cuenta con un potente procesador de gran desempeño que brinda la posibilidad de ejecutar múltiples tareas al mismo tiempo.',10,10),(2683,'Huawei Y220','Huawei Y220','Y220.png',3,'\r\n\r\n	El Huawei Y220 es un Smartphone con un procesador Dual-core de 1.0 GHz, cuenta con 256 MB de memoria RAM y tiene una capacidad de almacenamiento interno de 512 MB, expandible con tarjetas microSD de hasta 32 GB. Viene con el sistema operativo Android Gingerbread 2.3, con el que podrás descargar aplicaciones desde Google Play. También cuenta con radio FM para que disfrutes de la música que te gusta en tu emisora preferida.',10,10),(2684,'Sony Xperia Z1 C6906','Sony Xperia Z1 C6906','XPERIA Z1 C6906.png',3,'\r\n\r\n	El Sony Xperia Z1 es un Smartphone que cuenta con el nuevo procesador Qualcomm Snapdragon 800, Quad-core de 2.2 GHz. Cuenta con2 GB de memoria RAM y tiene una capacidad de almacenamiento interno de 16 GB, expandible con tarjetas microSD de hasta 64 GB. Viene con el sistema operativo Android Jelly Bean 4.3, con el que podrás descargar miles de aplicaciones desde Google Play.',10,10),(2685,'Motorola Moto X XT1058 LTE','Motorola Moto X XT1058 LTE','MOTO X XT1058 LTE.png',3,'\r\n\r\n	El Motorola XT 1058, también conocido como el Moto X, cuenta con el sistema operativo Android 4.2 (Jelly Bean) y total acceso a la tienda de aplicaciones Google Play, donde podrás descargar miles de aplicaciones gratuitas y muchas otras a un bajo precio. Cuenta además con un procesador Dual-Core de 1.7 Ghz y una memoria RAM de 2Gb, ideal para realizar múltiples tareas como enviar correos, revisar las redes sociales o revisar documentos.',10,10),(2686,'LG F3 P659','LG F3 P659','F3 P659.png',3,'\r\n\r\n	El LG P659 F3 es un Smartphone con un procesador Dual-core de 1.2 GHz, cuenta con1GB de memoria RAM y tiene una capacidad de almacenamiento interno de 4 GB, expandible con tarjetas microSD de hasta 32 GB. Viene con el sistema operativo Android Jelly Bean 4.1.2, con el que podrás descargar miles de aplicaciones desde Google Play Store.',10,10),(2687,'Nokia Lumia 625','Nokia Lumia 625','LUMIA 625.png',3,'\r\n\r\n	El Nokia Lumia 625 es un Smartphone que cuenta con un procesador Qualcomm Snapdragon S4, Dual-core de 1.2 GHz. Cuenta con 512 MB de memoria RAM y tiene una capacidad de almacenamiento interno de 8 GB, expandible con tarjetas microSD de hasta 32 GB. Viene con el sistema operativo Windows Phone 8, con el que podrás descargar miles de aplicaciones desde su tienda como el popular Here Maps.',10,10),(2688,'Sony Xperia E1 D2004','Sony Xperia E1 D2004','XPERIA E1 D2004.png',3,'\r\n\r\n	El Sony Xperia E1 D2004 es un Smartphone que cuenta con un procesador Dual Core de 1.2 GHz, 512 MB de memoria RAM y una capacidad de almacenamiento interno de 4GB que, además, puedes expandir con memoria SD hasta 32 GB.  Este Smartphone viene con el sistema operativo Android Jelly Bean Versión 4.3 con la cual podrás descargar una gran diversidad de aplicaciones desde Google Play.',10,10),(2689,'Alcatel POP C1 - 4015','Alcatel POP C1 - 4015','POP C1   4015.png',3,'\r\n\r\n	El Alcatel POP C1 3 es un Smartphone con un procesador dual-core de 1 GHz, con 512 MB de memoria RAM y tiene capacidad de almacenamiento interno de 4 GB, expandible con memoria microSD hasta 32 GB. Este Smartphone viene con el sistema operativo Android Jelly Bean 4.2 sistema operativo popular gracias a la gran diversidad de aplicaciones que podrás conseguir a través de Google Play Store.',10,10),(2690,'Samsung Galaxy Fame S6810','Samsung Galaxy Fame S6810','GALAXY FAME S6810.png',3,'\r\n\r\n	El celular Samsung Galaxy Fame S6810, cuenta con un procesador de 1Ghz y 512 de memoria RAM.\r\n	Este Smartphone tiene una capacidad de almacenamiento interno de 4GB, pero se puede expandir su capacidad a través de una memoria externa micro SD de hasta 64Gb\r\n	Posee una pantalla táctil de 3.5 pulgadas en la cual se puede visualizar con mucha comodidad videos en formato MP4, WMV, H.264 y H.263.',10,10),(2691,'Apple iPhone 5S 32GB','Apple iPhone 5S 32GB','IPHONE 5S 32GB.png',3,'\r\n\r\n	El iPhone 5S es un Smartphone con un procesador A7 de 64 bits, lo que lo convierte en uno de lo más veloces. Cuenta con 1 GB de memoria RAM y viene en una presentación de 32 GB de almacenamiento interno. Soporta redes LTE (4G) de diferentes bandas, Bluetooth 4.0 y WiFi. Además, cuenta con la última versión del sistema operativo de Apple el iOS 7, el cual ofrece nuevas y mejores prestaciones, como la integración de cuentas de Facebook y Twitter sin tener que instalar ninguna aplicación.',10,10),(2692,'ZTE Open 2','ZTE Open 2','OPEN 2.png',3,'\r\n\r\n	El ZTE Open es un Smartphone con un procesador dual-core de 1.2 GHz, cuenta con 256 MB de memoria RAM y tiene una capacidad de almacenamiento interno de 2 GB (el usuario dispone de 320MB para almacenar archivos), expandible con tarjeta microSD de hasta 32 GB. Este Smartphone viene con el novedoso sistema Operativo Firefox OS con el que podrás gestionar de manera rápida e intuitiva todos los accesos de tu teléfono. También puedes disfrutar de todas sus aplicaciones desde Firefox Marketplace.',10,10),(2693,'Motorola Moto E XT1021','Motorola Moto E XT1021','MOTO E XT1021.png',3,'\r\n\r\n	El Motorla XT1021 Moto E es un Smartphone que cuenta con un procesador Dual-core de1.2GHz. Cuenta con 1 GB de memoria RAM y tiene una capacidad de almacenamiento interno de 4 GB (el usuario dispone de2.16 GB para almacenar archivos), expandible con tarjetas microSD de hasta 32 GB. Viene con el sistema operativo Android KitKat 4.4.2, con el que podrás descargar miles de aplicaciones desde Google Play Store.',10,10),(2694,'BlackBerry Gemini 8520','BlackBerry Gemini 8520','GEMINI 8520.png',3,'\r\n\r\n	',10,10),(2695,'Huawei G526','Huawei G526','G526.png',3,'\r\n\r\n	El Huawei G526 es un Smartphone con un procesadorde 1.2 GHz, cuenta con1GB de memoria RAM y tiene una capacidad de almacenamiento interno de 4 GB, expandible con tarjetas microSD de hasta 32 GB. Viene con el sistema operativo Android Jelly Bean 4.1, con el que podrás descargar miles de aplicaciones desde Google Play.',10,10),(2696,'Apple iPhone 5S 64GB','Apple iPhone 5S 64GB','IPHONE 5S 64GB.png',3,'\r\n\r\n	El iPhone 5S es un Smartphone con un procesador A7 de 64 bits, lo que lo convierte en uno de lo más veloces. Cuenta con 1 GB de memoria RAM y viene en una presentación de 64 GB de almacenamiento interno. Soporta redes LTE (4G) de diferentes bandas, Bluetooth 4.0 y WiFi. Además, cuenta con la última versión del sistema operativo de Apple el iOS 7, el cual ofrece nuevas y mejores prestaciones, como la integración de cuentas de Facebook y Twitter sin tener que instalar ninguna aplicación.',10,10),(2697,'Huawei Ascend G6','Huawei Ascend G6','ASCEND G6.png',3,'\r\n\r\n	El Huawei Ascend G6 es un Smartphone con un procesador Qualcomm MSM8926 de 1.2GHz, cuenta con 1GB de memoria RAM y tiene una capacidad de almacenamiento interno de 8 GB, expandible con tarjetas microSD de hasta 32 GB. Viene con el sistema operativo Android Jelly Bean 4.3, con el que podrás descargar las aplicaciones más populares desde Google Play. Disfruta de este elegante Smartphone extra delgado de 7.85mm y bordes curvos. ',10,10),(2698,'Samsung Galaxy Ace 4','Samsung Galaxy Ace 4','GALAXY ACE 4.png',3,'\r\n\r\n	El Samsung Galaxy Ace 4 es un celular compacto y diseñado para tus necesidades. Posee un procesador de dual core de 1.2 GHz con 1 GB de memoria RAM y tiene capacidad de almacenamiento interno de 4 GB de memoria interna (el usuario dispone de 2.03 GB para almacenar archivos), expandible con memoria microSD hasta 64 GB. Incluye opciones avanzadas, como el sistema operativo Android 4.4 Kitkat, con el cual podrás descargar diversas aplicaciones desde el Google Play Store.',10,10),(2699,'Samsung Galaxy Grand II SM-G7105L','Samsung Galaxy Grand II SM-G7105L','GALAXY GRAND II SM G7105L.png',3,'\r\n\r\n	El Samsung Galaxy Grand II es un Smartphone con un procesador quad-core de 1.2 GHz, con 1.5 GB de memoria RAM y tiene capacidad de almacenamiento interno de 8 GB, expandible con memoria microSD hasta 64 GB. Este Smartphone viene con el sistema operativo Android Jelly Bean 4.3 conocido por la gran variedad de aplicaciones que puedes conseguir a través de Google Play Store.',10,10),(2700,'Apple iPhone 6 64GB','Apple iPhone 6 64GB','IPHONE 6 64GB.png',3,'\r\n\r\n	El iPhone 6 es un Smartphone con un procesador A8 de 64 bits de segunda generación, como los que utilizan las computadoras de escritorio y además cuenta con un coprocesador de movimiento M8, el cual le da una increíble potencia. Cuenta con 1 GB de memoria RAM y viene en una presentación de 64 GB de almacenamiento interno. ',10,10),(2701,'Apple iPhone 6 128GB','Apple iPhone 6 128GB','IPHONE 6 128GB.png',3,'\r\n\r\n	El iPhone 6 es un Smartphone con un procesador A8 de 64 bits de segunda generación, como los que utilizan las computadoras de escritorio y además cuenta con un coprocesador de movimiento M8, el cual le da una increíble potencia. Cuenta con 1 GB de memoria RAM y viene en una presentación de 128 GB de almacenamiento interno. ',10,10),(2702,'Apple iPhone 6 Plus 64GB','Apple iPhone 6 Plus 64GB','IPHONE 6 PLUS 64GB.png',3,'\r\n\r\n	El iPhone 6 Plus es el Smartphone más grande que Apple ha desarrollado. Posee un procesador A8 de 64 bits de segunda generación, como los que utilizan las computadoras de escritorio y además cuenta con un coprocesador de movimiento M8, el cual le da una increíble potencia. Cuenta con 1 GB de memoria RAM y viene en una presentación de 64 GB de almacenamiento interno. Soporta redes LTE (4G) de diferentes bandas, Bluetooth 4.0 y WiFi. ',10,10),(2703,'Motorola Moto X XT1097','Motorola Moto X XT1097','MOTO X XT1097.png',3,'\r\n\r\n	El nuevo Moto X es un Smartphone con un procesador quad-core Qualcomm Snapdragon TM 801 de 2.5 GHz, con 2GB de memoria RAM y tiene una capacidad de almacenamiento interno de 32 GB. Viene con el sistema operativo Android Kitkat 4.4.4,  para que desde Google Play Store puedas descargar una infinidad de aplicaciones según tus gustos y necesidades.',10,10),(2704,'LG G3 Beat D722','LG G3 Beat D722','G3 BEAT D722.png',3,'\r\n\r\n	LG G3 Beat es un Smartphone con un Procesador quad-core Snapdragon de 1.2 GHz, con 1GB de memoria RAM. Tiene una capacidad de almacenamiento interno de 8 GB (el usuario dispone de 3.74 GB para almacenar archivos), expandible hasta 32 GB. Además, viene con Android KitKat 4.4.2, con el que podrás descargar todas las apps que desees desde Google Play. Sumérgete en nuevas experiencias con su diseño Premium curvo súper compacto.',10,10),(2705,'Samsung Galaxy S5 G900','Samsung Galaxy S5 G900','GALAXY S5 G900.png',3,'\r\n\r\n	El Samsung Galaxy S5 es un Smartphone con un Procesador quad-core de 2.5 GHz, con 2GB de memoria RAM y tiene una capacidad de almacenamiento interno de 16 GB, expandible con tarjetas microSD de hasta 32 GB. Viene con el sistema operativo Android Kitkat 4.4.2,  para que desde  Google Play Store puedas descargar una infinidad de aplicaciones según tus gustos y necesidades.',10,10),(2706,'Alcatel OT-4019 Fire C','Alcatel OT-4019 Fire C','OT 4019 FIRE C.png',3,'\r\n\r\n	El Alcatel One Touch Fire 4012 es un Smartphone que cuenta con un procesador Qualcomm Snapdragon S1 MSM7227A / ARM Cortex-A5 de 1 GHz. Cuenta con 256 de memoria RAM y tiene una capacidad de almacenamiento interno de 256 MB, expandible con tarjetas microSD de hasta 32 GB. Viene con el sistema operativo Firefox OS de Mozilla, con el que podrás gestionar de manera rápida e intuitiva todos los accesos de tu teléfono. También puedes disfrutar de todas sus aplicaciones desde Firefox Marketplace.',10,10),(2707,'Samsung Galaxy Note 3 N900W8','Samsung Galaxy Note 3 N900W8','GALAXY NOTE 3 N900W8.png',3,'\r\n\r\n	Con un diseño más estilizado y con Android Jelly Bean 4.3 disfruta de todas tus aplicaciones desde su pantalla Full HD de 5,7 Super Amoled con Gorilla Glass.  Accede a tus perfiles de redes sociales como Facebook, Twitter, Google Plus y navega a tu gusto. Revisa y responde correos desde tus cuentas de Gmail, Outlook, Yahoo o Hotmail. Navegar por Google Maps nunca resulto ser más cómodo. ',10,10),(2708,'LG G2 Mini D625','LG G2 Mini D625','G2 MINI D625.png',3,'\r\n\r\n	El LG G2 Mini es un Smartphone con un Procesador quad-core de 1.7 GHz, con 1 GB de memoria RAM y tiene una capacidad de almacenamiento interno de 8GB, expandible con tarjetas microSD hasta 32 GB. Este Smarphone viene con el sistema operativo Android Kitkat 4.4,  para que puedas descargar todas las aplicaciones que quieras desde  Google Play Store.',10,10),(2709,'BlackBerry Z10','BlackBerry Z10','Z10.png',3,'\r\n\r\n	El más reciente y mejorado modelo Blackberry, el Z10 cuenta con una gran pantalla táctil de 4.2 pulgadas y resolución de 768x1280 píxeles. Este equipo viene con el más reciente sistema operativo, el Blackberry 10, el cual cuenta con una interfaz más fluida, dándole mayor rapidez de reacción a la multitarea de aplicaciones; además de un nuevo teclado QWERTY totalmente táctil.',10,10),(2710,'Sony Xperia Z2 Sony D6503','Sony Xperia Z2 Sony D6503','XPERIA Z2 SONY D6503.png',3,'\r\n',10,10),(2711,'Apple iPhone 6 Plus 128GB','Apple iPhone 6 Plus 128GB','IPHONE 6 PLUS 128GB.png',3,'\r\n\r\n	El iPhone 6 Plus es el Smartphone más grande que Apple ha desarrollado. Posee un procesador A8 de 64 bits de segunda generación, como los que utilizan las computadoras de escritorio y además cuenta con un coprocesador de movimiento M8, el cual le da una increíble potencia. Cuenta con 1 GB de memoria RAM y viene en una presentación de 128 GB de almacenamiento interno y  112 GB de memoria para usuario. Soporta redes LTE (4G) de diferentes bandas, Bluetooth 4.0 y WiFi. ',10,10),(2712,'Nokia Lumia 635','Nokia Lumia 635','LUMIA 635.png',3,'\r\n\r\n	El  Nokia Lumia 635 es un Smartphone con un Procesador Qualcomm Snapdragon 400 quad-core de 1.2 GHz, con 512 MB de memoria RAM, lo que te permitirá tener un rendimiento increíblemente rápido. Tiene una capacidad de almacenamiento interno de 8GB, expandible con tarjetas microSD hasta 128GB. Este Smartphone viene con el sistema operativo Windows Phone OS 8.1, con el que podrás descargar diversas aplicaciones desde su tienda y disfruta de la experiencia de una perfecta sincronización en tiempo real entre todas las pantallas (PC, Tablet, Smartphone) gracias a sus nuevas funciones.',10,10),(2713,'Sony Xperia SP C5306','Sony Xperia SP C5306','XPERIA SP C5306.png',3,'\r\n\r\n	El Sony Xperia C5306 es un Smartphone con un procesador Dual-core de 1.7 GHz, cuenta con1 GB de memoria RAM y tiene una capacidad de almacenamiento interno de 8 GB, expandible con tarjetas microSD de hasta 32 GB. Viene con el sistema operativo Android Jelly Bean 4.1, con el que podrás descargar miles de aplicaciones desde Google Play.',10,10),(2714,'Motorola Moto G XT-1040 LTE','Motorola Moto G XT-1040 LTE','MOTO G XT 1040 LTE.png',3,'\r\n\r\n	',10,10),(2715,'Huawei Y330','Huawei Y330','Y330.png',3,'\r\n\r\n	El Huawei Y330 es un Smartphone con un procesador Dual-core de 1.3 GHz, cuenta con 512 MB de memoria RAM y tiene una capacidad de almacenamiento interno de 4 GB (el usuario dispone de 2.18 GB para almacenar archivos), expandible con tarjetas microSD de hasta 32 GB. Viene con el sistema operativo Android Jelly Bean 4.2.2, con el que podrás descargar miles de aplicaciones desde Google Play. También cuenta con radio FM para que disfrutes de la música que te gusta en tu emisora preferida.',10,10),(2716,'Nokia Lumia 1320','Nokia Lumia 1320','LUMIA 1320.png',3,'\r\n\r\n	El  Nokia Lumia 1320 es un Smartphone con un Procesador Dual-core de 1.7, con 1GB de memoria RAM. Tiene una capacidad de almacenamiento interno de 8GB, expandible con tarjetas microSD hasta 64 GB. Este Smarphone viene con el sistema operativo de Microsoft, el Windows Phone OS 8.1, con el que podrás descargar diversas aplicaciones desde su tienda y disfruta de la experiencia de una perfecta sincronización en tiempo real entre todas las pantallas (PC, Tablet, Smartphone) gracias a sus nuevas funciones.',10,10),(2717,'LG G3 D855','LG G3 D855','G3 D855.png',3,'\r\n\r\n	La pantalla Quad HD del LG G3 cuenta con una resolución de 2560 x 1440 pixeles por lo que tiene 538 dpi, haciendo que las imágenes se vean con la mayor nitidez y los colores más vibrantes dentro de su pantalla de 5,5 pulgadas.',10,10),(2718,'Alcatel POP S3 - OT-5050','Alcatel POP S3 - OT-5050','POP S3   OT 5050.png',3,'\r\n\r\n	El Alcatel OneTouch POP S3 es un colorido Smartphone que viene con un procesador quad core de 1.2 GHz y 1 GB de memoria RAM para brindarte el mejor rendimiento. Tiene una capacidad de almacenamiento de 4 GB de memoria interna (dispone de 1.61 GB para almacenar archivos), expandible con memoria microSD hasta 32 GB. Viene con el sistema operativo Android JellyBean 4.3, con el que podrás descargar miles de aplicaciones desde el Google Play Store.',10,10),(2719,'Alcatel Idol 2 mini OT-6036','Alcatel Idol 2 mini OT-6036','IDOL 2 MINI OT 6036.png',3,'\r\n\r\n	El Alcatel Idol 2 Mini es un smartphone que posee un procesador quadcore de 1.2 GHz y 1 GB de memoria RAM por lo que te brindará un rendimiento óptimo, todo será rápido y suave. Además, tiene una capacidad de almacenamiento de 4 GB de memoria interna (el usuario dispone de 1.61GB para almacenar archivos), expandible con memorias microSD a 32 GB. Viene con el sistema operativo Android 4.3 JellyBean, con el que podrás descargar una infinidad de aplicaciones desde el Google Play Store.',10,10),(2720,'Apple iPhone 5C 16GB','Apple iPhone 5C 16GB','IPHONE 5C 16GB.png',3,'\r\n\r\n	El iPhone 5C es un Smartphone con un procesador A6 dual-core a 1,3 GHz. Cuenta con 1 GB de memoria RAM y viene en una presentación de 16 GB de almacenamiento interno. Soporta redes LTE de diferentes bandas, Bluetooth 4.0 y WiFi 802.11. Además, cuenta con el sistema operativo iOS 7, la última versión del sistema operativo de Apple, el cual incluye nuevas y mejores prestaciones. Entre las que destaca la integración de cuentas de Facebook y Twitter por defecto.',10,10),(2721,'Sony Xperia M2 D2306','Sony Xperia M2 D2306','XPERIA M2 D2306.png',3,'\r\n\r\n	El Sony Xperia M2 es un Smartphone con un Procesador Qualcomm Snapdragon quad-core de 1.2 GHz, con 1 GB de memoria RAM, lo que te permitirá tener un rendimiento increíblemente rápido. Tiene una capacidad de almacenamiento interno de 8GB, expandible con tarjetas microSD hasta 32 GB. Este Smartphone viene con el sistema operativo Jelly Bean 4.3, con el que podrás descargar miles de aplicaciones desde Google Play.',10,10),(2722,'Sony Xperia Z3 D6603','Sony Xperia Z3 D6603','XPERIA Z3 D6603.png',3,'\r\n\r\n	El Sony Xperia Z3 es un Smartphone con un Procesador Qualcomm quad-core Snapdragon de 2.5 GHz, con 3GB de memoria RAM, con la cual tu Smartphone tendrá un rendimiento y velocidad que no has experimentado antes.Tiene una capacidad de almacenamiento interno de 16GB (el usuario dispone de 10.94 GB para almacenar archivos), expandible hasta 128 GB. Además, viene con Android KitKat 4.4.4, con el que podrás descargar todas las apps que desees desde Google Play. Sumérgete en nuevas experiencias con su diseño Premium y la más alta resistencia al agua.',10,10),(2723,'LG G3 + G Watch','LG G3 + G Watch','G3  G WATCH.png',3,'',10,10),(2724,'LG F60','LG F60','F60.png',3,'\r\n\r\n	El LG F60 es un Smartphone con un Procesador Qualcomm quad-core de 1.2 GHz con el cual disfrutarás de una mayor potencia lo que te permitirá ejecutar múltiples aplicaciones y navegar por la web sin esfuerzo. Además, cuenta con 1 GB de memoria RAM y tiene una capacidad de almacenamiento interno de 4 GB (el usuario dispone de 1.09 GB para almacenar archivos). Este Smartphone viene con el sistema operativo Android KitKat 4.4, para que puedas descargar todas las aplicaciones que quieras desde Google Play Store.',10,10),(2725,'Sony Xperia T3 D5106','Sony Xperia T3 D5106','XPERIA T3 D5106.png',3,'\r\n\r\n	El Sony Xperia T3 es un Smartphone delgado que cuenta con el nuevo procesador Qualcomm Snapdragon Quad-core de 1.4 GHz. Cuenta con 1 GB de memoria RAM y tiene una capacidad de almacenamiento interno de 8 GB, expandible con tarjetas microSD de hasta 32 GB. Viene con el sistema operativo Android KitKat 4.4.2, con el que podrás descargar miles de aplicaciones desde Google Play.',10,10),(2726,'Nokia Lumia 735','Nokia Lumia 735','LUMIA 735.png',3,'\r\n\r\n	El  Nokia Lumia 735 tiene un Procesador quad-core de 1 GHz, con 1 GB de memoria RAM, lo que te permitirá tener un rendimiento óptimo. Su capacidad de almacenamiento interno es de 8 GB (3.48 GB para el usuario), expandible hasta 128 GB. Además, viene con el sistema operativo Windows Phone OS 8.1 con el que podrás disfrutar de la experiencia de una perfecta sincronización en tiempo real entre todas las pantallas (PC, Tablet, Smartphone) gracias a sus nuevas funciones.',10,10),(2727,'Samsung Galaxy S5 Mini G800','Samsung Galaxy S5 Mini G800','GALAXY S5 MINI G800.png',3,'\r\n\r\n	El Samsung Galaxy S5 mini es un Smartphone con un Procesador quad-core de 1.4 GHz, con 1.5 GB de memoria RAM y tiene una capacidad de almacenamiento interno de 16 GB, expandible con tarjetas microSD de hasta 64 GB. Viene con el sistema operativo Android Kitkat 4.4.2,  para que puedas descargar todas las aplicaciones que quieras desde  Google Play Store.',10,10),(2728,'Huawei Y550','Huawei Y550','Y550.png',3,'',10,10),(2729,'Sony Xperia E3 D2206','Sony Xperia E3 D2206','XPERIA E3 D2206.png',3,'\r\n\r\n	El Sony Xperia E3 es un Smartphone que cuenta con un procesador Qualcomm Snapdragon quad-core de 1.2 GHz y 1 GB de memoria RAM y una capacidad de almacenamiento interno de 4GB (el usuario dispone de 1.28GB para almacenar archivos) que, además, puedes expandir con memoria SD hasta 32 GB.  Este Smartphone viene con el sistema operativo Android KitKat 4.4.2 con la cual podrás descargar una gran diversidad de aplicaciones desde Google Play. El Xperia E3 trae la mejor calidad y diseño en un paquete hecho para adaptarse a tu vida diaria.',10,10),(2730,'Huawei G620','Huawei G620','G620.png',3,'',10,10),(2731,'Alcatel POP 2 OT-5042','Alcatel POP 2 OT-5042','POP 2 OT 5042.png',3,'\r\n\r\n	El Alcatel POP 2 es un smartphone que posee un procesador quadcore de 1.2 GHz y 1 GB de memoria RAM por lo que te brindará un excelente rendimiento, olvídate de las barras de espera. Además tiene una capacidad de almacenamiento de 8 GB de memoria interna (el usuario dispone de 4.6 GB para almacenar archivos), expandible con memoria microSD hasta 32 GB. Viene con el sistema operativo Android 4.4.2 KiKat, con el que podrás descargar gran diversidad de aplicaciones desde el Google Play Store.',10,10),(2732,'Huawei P7','Huawei P7','P7.png',3,'\r\n\r\n	El Ascend P7 ha sido elaborado con tecnología de punta, y es capaz de trabajar sin problemas gracias a su procesador HiSilicon Kirin 910 quad-core a 1.8GHz y sus 2GB de RAM. Posee también un almacenamiento interno de 16GB, con posibilidad de ser expandido con tarjetas microSD hasta 32GB. Viene con el sistema operativo Android Kitkat 4.4.2,  para que desde  Google Play Store puedas descargar todas las aplicaciones más populares del mercado',10,10),(2733,'Nokia Lumia 830','Nokia Lumia 830','LUMIA 830.png',3,'',10,10),(2734,'Motorola Moto E LTE XT1527','Motorola Moto E LTE XT1527','MOTO E LTE XT1527.png',3,'\r\n\r\n	El smartphone de segunda generación Moto E es un celular con un procesador quad-core Qualcomm Snapdragon 410 de 1.2GHz, cuenta con 1GB de memoria RAM y tiene una capacidad de almacenamiento interno de 8 GB, expandible con tarjetas microSD de hasta 32 GB. Viene con el sistema operativo más popular del mundo, Android Lollipop 5.0, con el que podrás descargar todas las aplicaciones que desees desde Google Play. ',10,10),(2735,'Apple iPhone 6 Plus 16GB','Apple iPhone 6 Plus 16GB','IPHONE 6 PLUS 16GB.png',3,'\r\n\r\n	El iPhone 6 Plus es el Smartphone más grande que Apple ha desarrollado. Posee un procesador A8 de 64 bits de segunda generación, como los que utilizan las computadoras de escritorio y además cuenta con un coprocesador de movimiento M8, el cual le da una increíble potencia. Cuenta con 1 GB de memoria RAM y viene en una presentación de 16 GB de almacenamiento interno. Soporta redes LTE (4G) de diferentes bandas, Bluetooth 4.0 y WiFi. ',10,10),(2736,'Apple iPhone 6 16GB','Apple iPhone 6 16GB','IPHONE 6 16GB.png',3,'\r\n\r\n	El iPhone 6 es un Smartphone con un procesador A8 de 64 bits de segunda generación, como los que utilizan las computadoras de escritorio y además cuenta con un coprocesador de movimiento M8, el cual le da una increíble potencia. Cuenta con 1 GB de memoria RAM y viene en una presentación de 16 GB de almacenamiento interno. ',10,10),(2737,'Samsung Galaxy E7 E700M','Samsung Galaxy E7 E700M','GALAXY E7 E700M.png',3,'\r\n\r\n	El Samsung Galaxy E7 tiene un procesador quad-core de 1.2 GHz, posee 2GB de memoria RAM, así como una memoria interna de 16GB y una tarjeta gráfica Qualcomm Adreno 306. Con él podrás trabajar sin problemas con diversas aplicaciones, así como ejecutar hasta los mejores juegos del momento. Además, con Android 4.4.4 KitKat este celular se adaptará muy bien a tu estilo de vida, permitiéndote autonomía personal y laboral en un solo Smartphone.',10,10),(2738,'Huawei G7 G760','Huawei G7 G760','G7 G760.png',3,'\r\n\r\n	El Huawei Ascend G760 es un smartphone de diseño elegante con un procesador quad-core 1.2GHz, cuenta con 2GB de memoria RAM y tiene una capacidad de almacenamiento interno de 16 GB, expandible con tarjetas microSD de hasta 32 GB. Viene con el sistema operativo Android KitKat versión 4.4.4 para que desde Google Play Store puedas descargar una infinidad de aplicaciones según tus gustos y necesidades.',10,10),(2739,'Samsung Galaxy A5 A500','Samsung Galaxy A5 A500','GALAXY A5 A500.png',3,'',10,10),(2740,'FAMILIA','FAMILIA','image.png',5,'prepago, Incluye 1 Deco basico en SD ',10,10),(2741,'BRONCE DIGITAL','BRONCE DIGITAL','image.png',5,'prepago, Incluye 2 Deco basico en SD ',10,10),(2742,'PLATA DIGITAL 1','PLATA DIGITAL 1','image.png',5,'postpago, Incluye 2 Deco basico en SD ',10,10),(2743,'ORO HD 1','ORO HD 1','image.png',5,'postpago, Incluye 1 Deco basico en SD Incluye 1 Deco HD ',10,10),(2744,'ORO HD MAX 3','ORO HD MAX 3','image.png',5,'postpago, Incluye 1 Deco HD Incluye 1 Deco HD que graba y pausa la television ',10,10),(2745,'PLATINO HD','PLATINO HD','image.png',5,'postpago, Incluye 1 Deco HD Incluye 1 Deco HD que graba y pausa la television ',10,10),(2746,'Plata Digital 2','Plata Digital 2','image.png',5,'postpago, Incluye 1 Deco basico en SD Incluye 1 Deco basico que graba y pausa la television ',10,10),(2747,'Plata Digital 3','Plata Digital 3','image.png',5,'postpago, Incluye 1 Deco basico en SD Incluye 1 Deco HD ',10,10),(2748,'ORO HD MAX 1','ORO HD MAX 1','image.png',5,'postpago, Incluye 2 Deco HD ',10,10),(2749,'ORO HD 2','ORO HD 2','image.png',5,'postpago, Incluye 1 Deco basico en SD Incluye 1 Deco HD que graba y pausa la television ',10,10),(2750,'ORO HD MAX 2','ORO HD MAX 2','image.png',5,'postpago, Incluye 1 Deco HD Incluye 1 Deco HD que graba y pausa la television ',10,10),(2751,'ORO FULL','ORO FULL','image.png',5,'postpago, Incluye 1 Deco basico en SD Incluye 1 Deco HD que graba y pausa la television ',10,10),(2752,'TV Estandar Lima','TV Estandar Lima','image.png',5,'postpago, Disfruta hasta 68 canales de video.',10,10),(2753,'TV Estandar Piura','TV Estandar Piura','image.png',5,'postpago, Disfruta hasta 68 canales de video.',10,10),(2754,'TV Estandar Cusco','TV Estandar Cusco','image.png',5,'postpago, Disfruta hasta 68 canales de video.',10,10),(2755,'TV Estandar Arequipa','TV Estandar Arequipa','image.png',5,'postpago, Disfruta hasta 68 canales de video.',10,10),(2756,'TV Estandar Chiclayo','TV Estandar Chiclayo','image.png',5,'postpago, Disfruta hasta 68 canales de video.',10,10),(2757,'TV Estandar Chimbote','TV Estandar Chimbote','image.png',5,'postpago, Disfruta hasta 68 canales de video.',10,10),(2758,'TV Estandar Huancayo','TV Estandar Huancayo','image.png',5,'postpago, Disfruta hasta 68 canales de video.',10,10),(2759,'TV Estandar Trujillo','TV Estandar Trujillo','image.png',5,'postpago, Disfruta hasta 68 canales de video.',10,10),(2760,'TV Estelar Lima','TV Estelar Lima','image.png',5,'postpago, Disfruta hasta 119 canales de video.',10,10),(2761,'TV Estelar Piura','TV Estelar Piura','image.png',5,'postpago, Disfruta hasta 119 canales de video.',10,10),(2762,'TV Estelar Cusco','TV Estelar Cusco','image.png',5,'postpago, Disfruta hasta 119 canales de video.',10,10),(2763,'TV Estelar Arequipa','TV Estelar Arequipa','image.png',5,'postpago, Disfruta hasta 119 canales de video.',10,10),(2764,'TV Estelar Chiclayo','TV Estelar Chiclayo','image.png',5,'postpago, Disfruta hasta 119 canales de video.',10,10),(2765,'TV Estelar Chimbote','TV Estelar Chimbote','image.png',5,'postpago, Disfruta hasta 119 canales de video.',10,10),(2766,'TV Estelar Huancayo','TV Estelar Huancayo','image.png',5,'postpago, Disfruta hasta 119 canales de video.',10,10),(2767,'TV Estelar Trujillo','TV Estelar Trujillo','image.png',5,'postpago, Disfruta hasta 119 canales de video.',10,10),(2768,'Hogar Digital','Hogar Digital','image.png',5,'postpago, 2 decos incluidos ',10,10),(2769,'PLUS HD','PLUS HD','image.png',5,'postpago, 3 decos adicionales max. ',10,10),(2770,'Full HD Digital','Full HD Digital','image.png',5,'postpago, 3 decos incluidos ',10,10),(2771,'Cine HD Digital','Cine HD Digital','image.png',5,'postpago, 3 decos incluidos ',10,10),(2772,'Basico Lima','Basico Lima','image.png',5,'postpago, Escuchar Escuchar',10,10),(2773,'PLUS','PLUS','image.png',5,'postpago, 3 decos adicionales max. ',10,10),(2774,'PLUS HD + HBO + FOX+','PLUS HD + HBO + FOX+','image.png',5,'postpago, 3 decos adicionales max. ',10,10),(2775,'Hogar Basico','Hogar Basico','image.png',5,'postpago, Escuchar Escuchar',10,10),(2776,'Cablestar Estandar HD  Arequipa','Cablestar Estandar HD  Arequipa','image.png',5,'postpago, ',10,10),(2777,'Cablestar Estelar HD  Arequipa','Cablestar Estelar HD  Arequipa','image.png',5,'postpago, ',10,10),(2778,'Cablestar Estelar Tacna','Cablestar Estelar Tacna','image.png',5,'postpago, ',10,10),(2779,'Cablestar Estelar Arequipa','Cablestar Estelar Arequipa','image.png',5,'postpago, ',10,10),(2780,'Cablestar Estandar Tacna','Cablestar Estandar Tacna','image.png',5,'postpago, ',10,10),(2781,'Cablestar Estandar Arequipa','Cablestar Estandar Arequipa','image.png',5,'postpago, ',10,10);
/*!40000 ALTER TABLE `product` ENABLE KEYS */;
UNLOCK TABLES;

--
-- Table structure for table `product_has_company`
--

DROP TABLE IF EXISTS `product_has_company`;
/*!40101 SET @saved_cs_client     = @@character_set_client */;
/*!40101 SET character_set_client = utf8 */;
CREATE TABLE `product_has_company` (
  `product_id` bigint(20) NOT NULL,
  `company_id` bigint(20) NOT NULL,
  `product_has_company_positive` int(11) DEFAULT NULL,
  `product_has_company_negative` int(11) DEFAULT NULL,
  `product_has_company_description` varchar(2000) DEFAULT NULL,
  `product_has_company_price` double NOT NULL,
  `product_has_company_url` varchar(100) DEFAULT NULL,
  `product_has_company_state` tinyint(1) NOT NULL,
  PRIMARY KEY (`product_id`,`company_id`),
  KEY `fk_product_has_company_1_idx` (`product_id`),
  KEY `fk_product_has_company_company_idx` (`company_id`),
  CONSTRAINT `fk_product_has_company_company` FOREIGN KEY (`company_id`) REFERENCES `company` (`company_id`) ON DELETE NO ACTION ON UPDATE NO ACTION,
  CONSTRAINT `fk_product_has_company_product` FOREIGN KEY (`product_id`) REFERENCES `product` (`product_id`) ON DELETE NO ACTION ON UPDATE NO ACTION
) ENGINE=InnoDB DEFAULT CHARSET=utf8;
/*!40101 SET character_set_client = @saved_cs_client */;

--
-- Dumping data for table `product_has_company`
--

LOCK TABLES `product_has_company` WRITE;
/*!40000 ALTER TABLE `product_has_company` DISABLE KEYS */;
INSERT INTO `product_has_company` VALUES (2653,1,NULL,NULL,'',239,'http://catalogo.movistar.com.pe/bmobile-qs810',1),(2654,1,NULL,NULL,'',269,'http://catalogo.movistar.com.pe/lg-dart-a200',1),(2655,1,NULL,NULL,'',109,'http://catalogo.movistar.com.pe/nokia-100',1),(2656,1,NULL,NULL,'',259,'http://catalogo.movistar.com.pe/huawei-g7206',1),(2657,1,NULL,NULL,'',119,'http://catalogo.movistar.com.pe/huawei-g3512',1),(2658,1,NULL,NULL,'',349,'http://catalogo.movistar.com.pe/nokia-c2-01',1),(2659,1,NULL,NULL,'',99,'http://catalogo.movistar.com.pe/huawei-g2800',1),(2660,1,NULL,NULL,'',189,'http://catalogo.movistar.com.pe/movistar-neon',1),(2661,1,NULL,NULL,'',129,'http://catalogo.movistar.com.pe/huawei-g6005',1),(2662,1,NULL,NULL,'',209,'http://catalogo.movistar.com.pe/alcatel-ot-606a',1),(2663,1,NULL,NULL,'',109,'http://catalogo.movistar.com.pe/alcatel-ot-255-mt',1),(2664,1,NULL,NULL,'',869,'http://catalogo.movistar.com.pe/blackberry-armstrong-9320',1),(2665,1,NULL,NULL,'',99,'http://catalogo.movistar.com.pe/movistar-onda',1),(2666,1,NULL,NULL,'',2599,'http://catalogo.movistar.com.pe/apple-iphone-5-32gb',1),(2667,1,NULL,NULL,'',1699,'http://catalogo.movistar.com.pe/blackberry-9790',1),(2668,1,NULL,NULL,'',1099,'http://catalogo.movistar.com.pe/lg-optimus-l9-p768',1),(2669,1,NULL,NULL,'',269,'http://catalogo.movistar.com.pe/nokia-c2-02',1),(2670,1,NULL,NULL,'',1529,'http://catalogo.movistar.com.pe/nokia-lumia-820-lte',1),(2671,1,NULL,NULL,'',259,'http://catalogo.movistar.com.pe/alcatel-ot-720',1),(2672,1,NULL,NULL,'',1899,'http://catalogo.movistar.com.pe/lg-optimus-g-e976',1),(2673,1,NULL,NULL,'',319,'http://catalogo.movistar.com.pe/lg-hornet-a255',1),(2674,1,NULL,NULL,'',2699,'http://catalogo.movistar.com.pe/blackberry-q10-lte',1),(2675,1,NULL,NULL,'',649,'http://catalogo.movistar.com.pe/nokia-lumia-520',1),(2676,1,NULL,NULL,'',479,'http://catalogo.movistar.com.pe/samsung-galaxy-pocket-neo-s5310',1),(2677,1,NULL,NULL,'',479,'http://catalogo.movistar.com.pe/lg-optimus-l1-ii-e410',1),(2678,1,NULL,NULL,'',219,'http://catalogo.movistar.com.pe/samsung-e2230',1),(2679,1,NULL,NULL,'',4449,'http://catalogo.movistar.com.pe/samsung-galaxy-note-3-n900w8--galaxy-gear',1),(2680,1,NULL,NULL,'',2099,'http://catalogo.movistar.com.pe/lg-g2-d805',1),(2681,1,NULL,NULL,'',2499,'http://catalogo.movistar.com.pe/apple-iphone-5s-16gb',1),(2682,1,NULL,NULL,'',499,'http://catalogo.movistar.com.pe/samsung-galaxy-ch@t-b5330',1),(2683,1,NULL,NULL,'',369,'http://catalogo.movistar.com.pe/huawei-y220',1),(2684,1,NULL,NULL,'',2499,'http://catalogo.movistar.com.pe/sony-xperia-z1-c6906',1),(2685,1,NULL,NULL,'',2399,'http://catalogo.movistar.com.pe/motorola-moto-x-xt1058-lte',1),(2686,1,NULL,NULL,'',1099,'http://catalogo.movistar.com.pe/lg-f3-p659',1),(2687,1,NULL,NULL,'',1099,'http://catalogo.movistar.com.pe/nokia-lumia-625',1),(2688,1,NULL,NULL,'',519,'http://catalogo.movistar.com.pe/sony-xperia-e1-d2004',1),(2689,1,NULL,NULL,'',329,'http://catalogo.movistar.com.pe/alcatel-pop-c1---4015',1),(2690,1,NULL,NULL,'',659,'http://catalogo.movistar.com.pe/samsung-galaxy-fame-s6810',1),(2691,1,NULL,NULL,'',2899,'http://catalogo.movistar.com.pe/apple-iphone-5s-32gb',1),(2692,1,NULL,NULL,'',239,'http://catalogo.movistar.com.pe/zte-open-2',1),(2693,1,NULL,NULL,'',649,'http://catalogo.movistar.com.pe/motorola-moto-e-xt1021',1),(2694,1,NULL,NULL,'',1109,'http://catalogo.movistar.com.pe/blackberry-gemini-8520',1),(2695,1,NULL,NULL,'',999,'http://catalogo.movistar.com.pe/huawei-g526',1),(2696,1,NULL,NULL,'',3099,'http://catalogo.movistar.com.pe/apple-iphone-5s-64gb',1),(2697,1,NULL,NULL,'',209,'http://catalogo.movistar.com.pe/huawei-ascend-g6',1),(2698,1,NULL,NULL,'',759,'http://catalogo.movistar.com.pe/samsung-galaxy-ace-4',1),(2699,1,NULL,NULL,'',899,'http://catalogo.movistar.com.pe/samsung-galaxy-grand-ii-sm-g7105l',1),(2700,1,NULL,NULL,'',1989,'http://catalogo.movistar.com.pe/apple-iphone-6-64gb',1),(2701,1,NULL,NULL,'',2249,'http://catalogo.movistar.com.pe/apple-iphone-6-128gb',1),(2702,1,NULL,NULL,'',2279,'http://catalogo.movistar.com.pe/apple-iphone-6-plus-64gb',1),(2703,1,NULL,NULL,'',1599,'http://catalogo.movistar.com.pe/motorola-moto-x-xt1097',1),(2704,1,NULL,NULL,'',849,'http://catalogo.movistar.com.pe/lg-g3-beat-d722',1),(2705,1,NULL,NULL,'',2699,'http://catalogo.movistar.com.pe/samsung-galaxy-s5-g900',1),(2706,1,NULL,NULL,'',269,'http://catalogo.movistar.com.pe/alcatel-ot-4019-fire-c',1),(2707,1,NULL,NULL,'',3499,'http://catalogo.movistar.com.pe/samsung-galaxy-note-3-n900w8',1),(2708,1,NULL,NULL,'',1199,'http://catalogo.movistar.com.pe/lg-g2-mini-d625',1),(2709,1,NULL,NULL,'',1999,'http://catalogo.movistar.com.pe/blackberry-z10',1),(2710,1,NULL,NULL,'',2049,'http://catalogo.movistar.com.pe/sony-xperia-z2-sony-d6503',1),(2711,1,NULL,NULL,'',2709,'http://catalogo.movistar.com.pe/apple-iphone-6-plus-128gb',1),(2712,1,NULL,NULL,'',649,'http://catalogo.movistar.com.pe/nokia-lumia-635',1),(2713,1,NULL,NULL,'',1199,'http://catalogo.movistar.com.pe/sony-xperia-sp-c5306',1),(2714,1,NULL,NULL,'',399,'http://catalogo.movistar.com.pe/motorola-moto-g-xt-1040-lte',1),(2715,1,NULL,NULL,'',399,'http://catalogo.movistar.com.pe/huawei-y330',1),(2716,1,NULL,NULL,'',999,'http://catalogo.movistar.com.pe/nokia-lumia-1320',1),(2717,1,NULL,NULL,'',1859,'http://catalogo.movistar.com.pe/lg-g3-d855',1),(2718,1,NULL,NULL,'',629,'http://catalogo.movistar.com.pe/alcatel-pop-s3---ot-5050',1),(2719,1,NULL,NULL,'',899,'http://catalogo.movistar.com.pe/alcatel-idol-2-mini-ot-6036',1),(2720,1,NULL,NULL,'',2199,'http://catalogo.movistar.com.pe/apple-iphone-5c-16gb',1),(2721,1,NULL,NULL,'',1099,'http://catalogo.movistar.com.pe/sony-xperia-m2-d2306',1),(2722,1,NULL,NULL,'',2599,'http://catalogo.movistar.com.pe/sony-xperia-z3-d6603',1),(2723,1,NULL,NULL,'',1899,'http://catalogo.movistar.com.pe/lg-g3--g-watch',1),(2724,1,NULL,NULL,'',899,'http://catalogo.movistar.com.pe/lg-f60',1),(2725,1,NULL,NULL,'',899,'http://catalogo.movistar.com.pe/sony-xperia-t3-d5106',1),(2726,1,NULL,NULL,'',1159,'http://catalogo.movistar.com.pe/nokia-lumia-735',1),(2727,1,NULL,NULL,'',1799,'http://catalogo.movistar.com.pe/samsung-galaxy-s5-mini-g800',1),(2728,1,NULL,NULL,'',69,'http://catalogo.movistar.com.pe/huawei-y550',1),(2729,1,NULL,NULL,'',959,'http://catalogo.movistar.com.pe/sony-xperia-e3-d2206',1),(2730,1,NULL,NULL,'',249,'http://catalogo.movistar.com.pe/huawei-g620',1),(2731,1,NULL,NULL,'',659,'http://catalogo.movistar.com.pe/alcatel-pop-2-ot-5042',1),(2732,1,NULL,NULL,'',999,'http://catalogo.movistar.com.pe/huawei-p7',1),(2733,1,NULL,NULL,'',679,'http://catalogo.movistar.com.pe/nokia-lumia-830',1),(2734,1,NULL,NULL,'',349,'http://catalogo.movistar.com.pe/motorola-moto-e-lte-xt1527',1),(2735,1,NULL,NULL,'',1949,'http://catalogo.movistar.com.pe/apple-iphone-6-plus-16gb',1),(2736,1,NULL,NULL,'',1619,'http://catalogo.movistar.com.pe/apple-iphone-6-16gb',1),(2737,1,NULL,NULL,'',799,'http://catalogo.movistar.com.pe/samsung-galaxy-e7-e700m',1),(2738,1,NULL,NULL,'',499,'http://catalogo.movistar.com.pe/huawei-g7-g760',1),(2739,1,NULL,NULL,'',1199,'http://catalogo.movistar.com.pe/samsung-galaxy-a5-a500',1),(2740,5,NULL,NULL,'ciudad:Todas, sd:38, hd:0, audio:30, radio:9, costo instalacion:99',55,'http://www.directv.com.pe/paquetes/ver-paquetes/prepago',1),(2741,5,NULL,NULL,'ciudad:Todas, sd:54, hd:0, audio:30, radio:9, costo instalacion:99',70,'http://www.directv.com.pe/paquetes/ver-paquetes/prepago',1),(2742,5,NULL,NULL,'ciudad:Todas, sd:70, hd:0, audio:30, radio:9, costo instalacion:1',82,'http://www.directv.com.pe/paquetes/ver-paquetes',1),(2743,5,NULL,NULL,'ciudad:Todas, sd:100, hd:17, audio:30, radio:9, costo instalacion:1',118,'http://www.directv.com.pe/paquetes/ver-paquetes',1),(2744,5,NULL,NULL,'ciudad:Todas, sd:100, hd:17, audio:30, radio:9, costo instalacion:1',153,'http://www.directv.com.pe/paquetes/ver-paquetes',1),(2745,5,NULL,NULL,'ciudad:Todas, sd:115, hd:19, audio:30, radio:9, costo instalacion:1',208,'http://www.directv.com.pe/paquetes/ver-paquetes',1),(2746,5,NULL,NULL,'ciudad:Todas, sd:70, hd:0, audio:30, radio:9, costo instalacion:1',87,'http://www.directv.com.pe/paquetes/ver-paquetes',1),(2747,5,NULL,NULL,'ciudad:Todas, sd:70, hd:16, audio:30, radio:9, costo instalacion:1',97,'http://www.directv.com.pe/paquetes/ver-paquetes',1),(2748,5,NULL,NULL,'ciudad:Todas, sd:100, hd:17, audio:30, radio:9, costo instalacion:1',128,'http://www.directv.com.pe/paquetes/ver-paquetes',1),(2749,5,NULL,NULL,'ciudad:Todas, sd:100, hd:17, audio:30, radio:9, costo instalacion:1',133,'http://www.directv.com.pe/paquetes/ver-paquetes',1),(2750,5,NULL,NULL,'ciudad:Todas, sd:100, hd:17, audio:30, radio:9, costo instalacion:1',143,'http://www.directv.com.pe/paquetes/ver-paquetes',1),(2751,5,NULL,NULL,'ciudad:Todas, sd:115, hd:19, audio:30, radio:9, costo instalacion:1',188,'http://www.directv.com.pe/paquetes/ver-paquetes',1),(2752,1,NULL,NULL,'ciudad:Lima, sd:71, hd:30, audio:50, radio:0, costo instalacion:180',79,'http://www.movistar.com.pe/hogar/tv/estandar',1),(2753,1,NULL,NULL,'ciudad:Piura, sd:65, hd:30, audio:50, radio:0, costo instalacion:180',74,'http://www.movistar.com.pe/hogar/tv/estandar',1),(2754,1,NULL,NULL,'ciudad:Cusco, sd:65, hd:30, audio:50, radio:0, costo instalacion:180',74,'http://www.movistar.com.pe/hogar/tv/estandar',1),(2755,1,NULL,NULL,'ciudad:Arequipa, sd:65, hd:30, audio:50, radio:0, costo instalacion:180',74,'http://www.movistar.com.pe/hogar/tv/estandar',1),(2756,1,NULL,NULL,'ciudad:Chiclayo, sd:65, hd:30, audio:50, radio:0, costo instalacion:180',74,'http://www.movistar.com.pe/hogar/tv/estandar',1),(2757,1,NULL,NULL,'ciudad:Chimbote, sd:55, hd:30, audio:50, radio:0, costo instalacion:180',74,'http://www.movistar.com.pe/hogar/tv/estandar',1),(2758,1,NULL,NULL,'ciudad:Huancayo, sd:55, hd:30, audio:50, radio:0, costo instalacion:180',74,'http://www.movistar.com.pe/hogar/tv/estandar',1),(2759,1,NULL,NULL,'ciudad:Trujillo, sd:65, hd:30, audio:50, radio:0, costo instalacion:180',74,'http://www.movistar.com.pe/hogar/tv/estandar',1),(2760,1,NULL,NULL,'ciudad:Lima, sd:116, hd:30, audio:50, radio:0, costo instalacion:180',130.89,'http://www.movistar.com.pe/hogar/tv/estelar',1),(2761,1,NULL,NULL,'ciudad:Piura, sd:115, hd:30, audio:50, radio:0, costo instalacion:180',130.89,'http://www.movistar.com.pe/hogar/tv/estelar',1),(2762,1,NULL,NULL,'ciudad:Cusco, sd:115, hd:30, audio:50, radio:0, costo instalacion:180',130.89,'http://www.movistar.com.pe/hogar/tv/estelar',1),(2763,1,NULL,NULL,'ciudad:Arequipa, sd:115, hd:30, audio:50, radio:0, costo instalacion:180',130.89,'http://www.movistar.com.pe/hogar/tv/estelar',1),(2764,1,NULL,NULL,'ciudad:Chiclayo, sd:115, hd:30, audio:50, radio:0, costo instalacion:180',130.89,'http://www.movistar.com.pe/hogar/tv/estelar',1),(2765,1,NULL,NULL,'ciudad:Chimbote, sd:85, hd:30, audio:50, radio:0, costo instalacion:180',84.29,'http://www.movistar.com.pe/hogar/tv/estelar',1),(2766,1,NULL,NULL,'ciudad:Huancayo, sd:85, hd:30, audio:50, radio:0, costo instalacion:180',84.29,'http://www.movistar.com.pe/hogar/tv/estelar',1),(2767,1,NULL,NULL,'ciudad:Trujillo, sd:65, hd:30, audio:50, radio:0, costo instalacion:180',130.89,'http://www.movistar.com.pe/hogar/tv/estelar',1),(2768,2,NULL,NULL,'ciudad:Todas, sd:98, hd:10, audio:50, radio:0, costo instalacion:198.32',92,'http://www.claro.com.pe/wps/portal/pe/sc/personas/catalogo-planes/claro-tv/planes-clarotv-digital/pl',1),(2769,2,NULL,NULL,'ciudad:Todas, sd:52, hd:22, audio:0, radio:0, costo instalacion:198.32',89,'http://www.claro.com.pe/wps/portal/pe/sc/personas/catalogo-planes/claro-tv/planes-clarotv-sat/planes',1),(2770,2,NULL,NULL,'ciudad:Todas, sd:147, hd:58, audio:50, radio:0, costo instalacion:198.32',232,'http://www.claro.com.pe/wps/portal/pe/sc/personas/catalogo-planes/claro-tv/planes-clarotv-digital/pl',1),(2771,2,NULL,NULL,'ciudad:Todas, sd:137, hd:19, audio:50, radio:0, costo instalacion:198.32',137,'http://www.claro.com.pe/wps/portal/pe/sc/personas/catalogo-planes/claro-tv/planes-clarotv-digital/ci',1),(2772,2,NULL,NULL,'ciudad:Todas, sd:74, hd:0, audio:0, radio:0, costo instalacion:198.32',58,'http://www.claro.com.pe/wps/portal/pe/sc/personas/catalogo-planes/claro-tv/planes-clarotv-basico/pla',1),(2773,2,NULL,NULL,'ciudad:Todas, sd:52, hd:0, audio:0, radio:0, costo instalacion:198.32',69,'http://www.claro.com.pe/wps/portal/pe/sc/personas/catalogo-planes/claro-tv/planes-clarotv-sat/plus?h',1),(2774,2,NULL,NULL,'ciudad:Todas, sd:60, hd:26, audio:0, radio:0, costo instalacion:198.32',154,'http://www.claro.com.pe/wps/portal/pe/sc/personas/catalogo-planes/claro-tv/planes-clarotv-sat/plan-p',1),(2775,2,NULL,NULL,'ciudad:Todas, sd:96, hd:0, audio:0, radio:0, costo instalacion:198.32',79,'http://www.claro.com.pe/wps/portal/pe/sc/personas/catalogo-planes/claro-tv/planes-clarotv-basico/pla',1),(2776,6,NULL,NULL,'ciudad:Arequipa, sd:61, hd:26, audio:0, radio:0, costo instalacion:0',94,'http://www.star.com.pe/arequipa/cablestar_tarifas.php',1),(2777,6,NULL,NULL,'ciudad:Arequipa, sd:91, hd:36, audio:0, radio:0, costo instalacion:0',116,'http://www.star.com.pe/arequipa/cablestar_tarifas.php',1),(2778,6,NULL,NULL,'ciudad:Tacna, sd:91, hd:0, audio:0, radio:0, costo instalacion:0',96,'http://www.star.com.pe/tacna/cablestar_tarifas.php',1),(2779,6,NULL,NULL,'ciudad:Arequipa, sd:91, hd:0, audio:0, radio:0, costo instalacion:0',96,'http://www.star.com.pe/arequipa/cablestar_tarifas.php',1),(2780,6,NULL,NULL,'ciudad:Tacna, sd:61, hd:0, audio:0, radio:0, costo instalacion:0',74,'http://www.star.com.pe/tacna/cablestar_tarifas.php',1),(2781,6,NULL,NULL,'ciudad:Arequipa, sd:61, hd:0, audio:0, radio:0, costo instalacion:0',74,'http://www.star.com.pe/arequipa/cablestar_tarifas.php',1);
/*!40000 ALTER TABLE `product_has_company` ENABLE KEYS */;
UNLOCK TABLES;

--
-- Table structure for table `product_category`
--

DROP TABLE IF EXISTS `product_category`;
/*!40101 SET @saved_cs_client     = @@character_set_client */;
/*!40101 SET character_set_client = utf8 */;
CREATE TABLE `product_category` (
  `product_category_id` bigint(20) NOT NULL AUTO_INCREMENT,
  `product_category_name` varchar(600) NOT NULL,
  `product_category_image_path` varchar(100) NOT NULL,
  PRIMARY KEY (`product_category_id`)
) ENGINE=InnoDB AUTO_INCREMENT=6 DEFAULT CHARSET=utf8;
/*!40101 SET character_set_client = @saved_cs_client */;

--
-- Dumping data for table `product_category`
--

LOCK TABLES `product_category` WRITE;
/*!40000 ALTER TABLE `product_category` DISABLE KEYS */;
INSERT INTO `product_category` VALUES (1,'Internet Fijo','image_category.png'),(2,'Telefonía Fija','image_category.png'),(3,'Smartphone','image_category.png'),(4,'Basico','image_category.png'),(5,'Tv Cable','image_category.png');
/*!40000 ALTER TABLE `product_category` ENABLE KEYS */;
UNLOCK TABLES;

--
-- Table structure for table `review`
--

DROP TABLE IF EXISTS `review`;
/*!40101 SET @saved_cs_client     = @@character_set_client */;
/*!40101 SET character_set_client = utf8 */;
CREATE TABLE `review` (
  `review_id` bigint(20) NOT NULL AUTO_INCREMENT,
  `review_title` varchar(600) NOT NULL,
  `review_body` text NOT NULL,
  `review_polarity` int(11) NOT NULL,
  `product_id` bigint(20) NOT NULL,
  `company_id` bigint(20) NOT NULL,
  `source_id` bigint(20) NOT NULL,
  PRIMARY KEY (`review_id`),
  KEY `fk_review_product_idx` (`product_id`),
  KEY `fk_review_source_idx` (`source_id`),
  KEY `fk_review_company_idx` (`company_id`),
  CONSTRAINT `fk_review_company` FOREIGN KEY (`company_id`) REFERENCES `company` (`company_id`) ON DELETE NO ACTION ON UPDATE NO ACTION,
  CONSTRAINT `fk_review_product` FOREIGN KEY (`product_id`) REFERENCES `product` (`product_id`) ON DELETE NO ACTION ON UPDATE NO ACTION,
  CONSTRAINT `fk_review_source` FOREIGN KEY (`source_id`) REFERENCES `source` (`source_id`) ON DELETE NO ACTION ON UPDATE NO ACTION
) ENGINE=InnoDB DEFAULT CHARSET=utf8;
/*!40101 SET character_set_client = @saved_cs_client */;

--
-- Dumping data for table `review`
--

LOCK TABLES `review` WRITE;
/*!40000 ALTER TABLE `review` DISABLE KEYS */;
/*!40000 ALTER TABLE `review` ENABLE KEYS */;
UNLOCK TABLES;

--
-- Table structure for table `most_searched_sentences`
--

DROP TABLE IF EXISTS `most_searched_sentences`;
/*!40101 SET @saved_cs_client     = @@character_set_client */;
/*!40101 SET character_set_client = utf8 */;
CREATE TABLE `most_searched_sentences` (
  `most_searched_sentences_id` bigint(20) NOT NULL AUTO_INCREMENT,
  `most_searched_sentences_sentence` varchar(200) DEFAULT NULL,
  `most_searched_sentences_value` bigint(20) DEFAULT NULL,
  PRIMARY KEY (`most_searched_sentences_id`)
) ENGINE=InnoDB DEFAULT CHARSET=utf8;
/*!40101 SET character_set_client = @saved_cs_client */;

--
-- Dumping data for table `most_searched_sentences`
--

LOCK TABLES `most_searched_sentences` WRITE;
/*!40000 ALTER TABLE `most_searched_sentences` DISABLE KEYS */;
/*!40000 ALTER TABLE `most_searched_sentences` ENABLE KEYS */;
UNLOCK TABLES;

--
-- Table structure for table `source`
--

DROP TABLE IF EXISTS `source`;
/*!40101 SET @saved_cs_client     = @@character_set_client */;
/*!40101 SET character_set_client = utf8 */;
CREATE TABLE `source` (
  `source_id` bigint(20) NOT NULL AUTO_INCREMENT,
  `source_name` varchar(255) DEFAULT NULL,
  `source_url` varchar(100) DEFAULT NULL,
  `source_description` text,
  PRIMARY KEY (`source_id`)
) ENGINE=InnoDB DEFAULT CHARSET=utf8;
/*!40101 SET character_set_client = @saved_cs_client */;

--
-- Dumping data for table `source`
--

LOCK TABLES `source` WRITE;
/*!40000 ALTER TABLE `source` DISABLE KEYS */;
/*!40000 ALTER TABLE `source` ENABLE KEYS */;
UNLOCK TABLES;

--
-- Table structure for table `sentence`
--

DROP TABLE IF EXISTS `sentence`;
/*!40101 SET @saved_cs_client     = @@character_set_client */;
/*!40101 SET character_set_client = utf8 */;
CREATE TABLE `sentence` (
  `sentence_id` bigint(20) NOT NULL,
  `sentence_text` varchar(1000) NOT NULL,
  `sentence_polarity` int(11) NOT NULL,
  `review_id` bigint(20) NOT NULL,
  PRIMARY KEY (`sentence_id`),
  KEY `fk_sentence_review_idx` (`review_id`),
  CONSTRAINT `fk_sentence_review` FOREIGN KEY (`review_id`) REFERENCES `review` (`review_id`) ON DELETE NO ACTION ON UPDATE NO ACTION
) ENGINE=InnoDB DEFAULT CHARSET=utf8;
/*!40101 SET character_set_client = @saved_cs_client */;

--
-- Dumping data for table `sentence`
--

LOCK TABLES `sentence` WRITE;
/*!40000 ALTER TABLE `sentence` DISABLE KEYS */;
/*!40000 ALTER TABLE `sentence` ENABLE KEYS */;
UNLOCK TABLES;

--
-- Table structure for table `company`
--

DROP TABLE IF EXISTS `company`;
/*!40101 SET @saved_cs_client     = @@character_set_client */;
/*!40101 SET character_set_client = utf8 */;
CREATE TABLE `company` (
  `company_id` bigint(20) NOT NULL AUTO_INCREMENT,
  `company_name` varchar(255) NOT NULL,
  `company_description` text NOT NULL,
  `company_shortname` varchar(20) NOT NULL,
  `company_url` varchar(45) NOT NULL,
  PRIMARY KEY (`company_id`)
) ENGINE=InnoDB AUTO_INCREMENT=7 DEFAULT CHARSET=utf8;
/*!40101 SET character_set_client = @saved_cs_client */;

--
-- Dumping data for table `company`
--

LOCK TABLES `company` WRITE;
/*!40000 ALTER TABLE `company` DISABLE KEYS */;
INSERT INTO `company` VALUES (1,'Movistar','Movistar (Telefónica del Perú S.A.A.). \"Compartida, la vida es más\"','movistar','http://www.movistar.com.pe'),(2,'Claro','Claro que somos mas!!!','claro','http://www.claro.com.pe'),(3,'Bitel','Te escuchamos siempre, Bitel.','bitel','http://www.bitel.com.pe'),(4,'Entel','Un Perú mejor conectado es posible, Entel.','entel','http://www.entel.pe'),(5,'DirecTV','Con DIRECTV Ve el Fútbol en HD','directv','http://www.directv.com.pe'),(6,'Star Global Com','Brinda servicios de televisión por cable, Internet banda ancha y multivía','starglobal','http://www.star.com.pe');
/*!40000 ALTER TABLE `company` ENABLE KEYS */;
UNLOCK TABLES;

--
-- Table structure for table `top_product`
--

DROP TABLE IF EXISTS `top_product`;
/*!40101 SET @saved_cs_client     = @@character_set_client */;
/*!40101 SET character_set_client = utf8 */;
CREATE TABLE `top_product` (
  `top_product_id` int(11) NOT NULL AUTO_INCREMENT,
  `product_id` bigint(20) NOT NULL,
  `product_category_id` bigint(20) NOT NULL,
  PRIMARY KEY (`top_product_id`),
  KEY `fk_top_product_product_idx` (`product_id`),
  KEY `fk_top_product_product_category_idx` (`product_category_id`),
  CONSTRAINT `fk_top_product_product` FOREIGN KEY (`product_id`) REFERENCES `product` (`product_id`) ON DELETE NO ACTION ON UPDATE NO ACTION,
  CONSTRAINT `fk_top_product_product_category` FOREIGN KEY (`product_category_id`) REFERENCES `product_category` (`product_category_id`) ON DELETE NO ACTION ON UPDATE NO ACTION
) ENGINE=InnoDB DEFAULT CHARSET=utf8;
/*!40101 SET character_set_client = @saved_cs_client */;

--
-- Dumping data for table `top_product`
--

LOCK TABLES `top_product` WRITE;
/*!40000 ALTER TABLE `top_product` DISABLE KEYS */;
/*!40000 ALTER TABLE `top_product` ENABLE KEYS */;
UNLOCK TABLES;
/*!40103 SET TIME_ZONE=@OLD_TIME_ZONE */;

/*!40101 SET SQL_MODE=@OLD_SQL_MODE */;
/*!40014 SET FOREIGN_KEY_CHECKS=@OLD_FOREIGN_KEY_CHECKS */;
/*!40014 SET UNIQUE_CHECKS=@OLD_UNIQUE_CHECKS */;
/*!40101 SET CHARACTER_SET_CLIENT=@OLD_CHARACTER_SET_CLIENT */;
/*!40101 SET CHARACTER_SET_RESULTS=@OLD_CHARACTER_SET_RESULTS */;
/*!40101 SET COLLATION_CONNECTION=@OLD_COLLATION_CONNECTION */;
/*!40111 SET SQL_NOTES=@OLD_SQL_NOTES */;

-- Dump completed on 2015-04-06 11:30:39
