CREATE DATABASE  IF NOT EXISTS `telecom` /*!40100 DEFAULT CHARACTER SET utf8 */;
USE `telecom`;

-- MySQL dump 10.13  Distrib 5.6.17, for Win32 (x86)
--
-- Host: 127.0.0.1    Database: telecom
-- ------------------------------------------------------
-- Server version	5.6.23-log

/*!40101 SET @OLD_CHARACTER_SET_CLIENT=@@CHARACTER_SET_CLIENT */;
/*!40101 SET @OLD_CHARACTER_SET_RESULTS=@@CHARACTER_SET_RESULTS */;
/*!40101 SET @OLD_COLLATION_CONNECTION=@@COLLATION_CONNECTION */;
/*!40101 SET NAMES utf8 */;
/*!40103 SET @OLD_TIME_ZONE=@@TIME_ZONE */;
/*!40103 SET TIME_ZONE='+00:00' */;
/*!40014 SET @OLD_UNIQUE_CHECKS=@@UNIQUE_CHECKS, UNIQUE_CHECKS=0 */;
/*!40014 SET @OLD_FOREIGN_KEY_CHECKS=@@FOREIGN_KEY_CHECKS, FOREIGN_KEY_CHECKS=0 */;
/*!40101 SET @OLD_SQL_MODE=@@SQL_MODE, SQL_MODE='NO_AUTO_VALUE_ON_ZERO' */;
/*!40111 SET @OLD_SQL_NOTES=@@SQL_NOTES, SQL_NOTES=0 */;

--
-- Table structure for table `company`
--

DROP TABLE IF EXISTS `company`;
/*!40101 SET @saved_cs_client     = @@character_set_client */;
/*!40101 SET character_set_client = utf8 */;
CREATE TABLE `company` (
  `company_id` bigint(20) NOT NULL AUTO_INCREMENT,
  `company_name` varchar(255) NOT NULL,
  `company_description` text NOT NULL,
  `company_shortname` varchar(20) NOT NULL,
  `company_url` varchar(45) NOT NULL,
  PRIMARY KEY (`company_id`)
) ENGINE=InnoDB AUTO_INCREMENT=7 DEFAULT CHARSET=utf8;
/*!40101 SET character_set_client = @saved_cs_client */;

--
-- Dumping data for table `company`
--

LOCK TABLES `company` WRITE;
/*!40000 ALTER TABLE `company` DISABLE KEYS */;
INSERT INTO `company` VALUES (1,'Movistar','Movistar (Telefónica del Perú S.A.A.). \"Compartida, la vida es más\"','movistar','http://www.movistar.com.pe'),(2,'Claro','Claro que somos mas!!!','claro','http://www.claro.com.pe'),(3,'Bitel','Te escuchamos siempre, Bitel.','bitel','http://www.bitel.com.pe'),(4,'Entel','Un Perú mejor conectado es posible, Entel.','entel','http://www.entel.pe'),(5,'DirecTV','Con DIRECTV Ve el Fútbol en HD','directv','http://www.directv.com.pe'),(6,'Star Global Com','Brinda servicios de televisión por cable, Internet banda ancha y multivía','starglobal','http://www.star.com.pe');
/*!40000 ALTER TABLE `company` ENABLE KEYS */;
UNLOCK TABLES;

--
-- Table structure for table `dictionary`
--

DROP TABLE IF EXISTS `dictionary`;
/*!40101 SET @saved_cs_client     = @@character_set_client */;
/*!40101 SET character_set_client = utf8 */;
CREATE TABLE `dictionary` (
  `dictionary_id` bigint(20) NOT NULL,
  `dictionary_word` varchar(45) DEFAULT NULL,
  PRIMARY KEY (`dictionary_id`)
) ENGINE=InnoDB DEFAULT CHARSET=utf8;
/*!40101 SET character_set_client = @saved_cs_client */;

--
-- Dumping data for table `dictionary`
--

LOCK TABLES `dictionary` WRITE;
/*!40000 ALTER TABLE `dictionary` DISABLE KEYS */;
INSERT INTO `dictionary` VALUES (1,''),(2,'1'),(3,'1\00'),(4,'1\009'),(5,'1\02'),(6,'1\028gb'),(7,'1\02ghz'),(8,'1\03'),(9,'1\04'),(10,'1\05'),(11,'1\061'),(12,'1\061gb'),(13,'1\07'),(14,'1\0800'),(15,'1\08ghz'),(16,'10'),(17,'10\094'),(18,'100'),(19,'1058'),(20,'1080p'),(21,'113'),(22,'119'),(23,'12'),(24,'120'),(25,'128'),(26,'128gb'),(27,'1320'),(28,'1440'),(29,'15'),(30,'16'),(31,'160'),(32,'16gb'),(33,'1gb'),(34,'1ghz'),(35,'2'),(36,'2\003'),(37,'2\018'),(38,'2\02'),(39,'2\026'),(40,'2\03'),(41,'2\05'),(42,'2\06'),(43,'2\08'),(44,'20'),(45,'200'),(46,'2000'),(47,'24'),(48,'240'),(49,'250'),(50,'256'),(51,'2560'),(52,'2592x1936'),(53,'2g'),(54,'2gb'),(55,'3'),(56,'3\01'),(57,'3\048'),(58,'3\05'),(59,'3\074'),(60,'30'),(61,'306'),(62,'32'),(63,'320'),(64,'320mb'),(65,'3264x2448'),(66,'32gb'),(67,'365'),(68,'3gb'),(69,'4'),(70,'4\00'),(71,'4\01'),(72,'4\01\02'),(73,'4\02'),(74,'4\02\02'),(75,'4\03'),(76,'4\04'),(77,'4\04\02'),(78,'4\04\04'),(79,'4\0500'),(80,'4\06'),(81,'400'),(82,'4000'),(83,'4012'),(84,'4015'),(85,'423ppp'),(86,'4g'),(87,'4gb'),(88,'5'),(89,'5\02'),(90,'5\05'),(91,'5\07'),(92,'50'),(93,'500'),(94,'512'),(95,'520'),(96,'538'),(97,'5c'),(98,'5mp'),(99,'5s'),(100,'6'),(101,'6\0 posee'),(102,'606a'),(103,'625'),(104,'635'),(105,'64'),(106,'64gb'),(107,'68'),(108,'7'),(109,'7\0800'),(110,'7\085mm'),(111,'720p'),(112,'735'),(113,'75'),(114,'768x1280'),(115,'8'),(116,'8\01'),(117,'800'),(118,'8000'),(119,'801'),(120,'802\011'),(121,'820'),(122,'830'),(123,'850'),(124,'8520'),(125,'89'),(126,'8gb'),(127,'910'),(128,'9320'),(129,'9790'),(130,'99'),(131,'a'),(132,'a200'),(133,'a255'),(134,'a5'),(135,'a500'),(136,'a6'),(137,'a7'),(138,'a8'),(139,'accede'),(140,'acceder'),(141,'acceso'),(142,'accesos'),(143,'ace'),(144,'actual'),(145,'actualizar'),(146,'adaptara'),(147,'adaptarse'),(148,'ademas'),(149,'adicionales'),(150,'adreno'),(151,'agradable'),(152,'agua'),(153,'ahora'),(154,'al'),(155,'alcatel'),(156,'alfanumerico'),(157,'almacena'),(158,'almacenamiento'),(159,'almacenar'),(160,'alrededor'),(161,'alta'),(162,'amoled'),(163,'ancha'),(164,'android'),(165,'antes\0tiene'),(166,'aplicacion'),(167,'aplicaciones'),(168,'apple'),(169,'apps'),(170,'aprovecha'),(171,'aqui'),(172,'archivos'),(173,'arequipa'),(174,'arm'),(175,'armstrong'),(176,'ascend'),(177,'asi'),(178,'atractivo'),(179,'aula'),(180,'autoenfoque'),(181,'autonomia'),(182,'avanzadas'),(183,'b5330'),(184,'bajo'),(185,'banda'),(186,'bandas'),(187,'barras'),(188,'basico'),(189,'bean'),(190,'beat'),(191,'bien'),(192,'bitel'),(193,'bits'),(194,'blackberry'),(195,'bluetooth'),(196,'bmobile'),(197,'bordes'),(198,'boton'),(199,'brinda'),(200,'brindara'),(201,'brindarte'),(202,'bronce'),(203,'buen'),(204,'buscan'),(205,'c'),(206,'c1'),(207,'c2\001'),(208,'c2\002'),(209,'c5306'),(210,'c6906'),(211,'cable'),(212,'cablestar'),(213,'calidad'),(214,'camara'),(215,'canales'),(216,'canciones'),(217,'capacidad'),(218,'capacitiva'),(219,'capaz'),(220,'captura'),(221,'capturar'),(222,'caracteristicas'),(223,'casilla'),(224,'celular'),(225,'ch@t'),(226,'chiclayo'),(227,'chimbote'),(228,'cine'),(229,'claro'),(230,'cobran'),(231,'color'),(232,'colores'),(233,'colorido'),(234,'com'),(235,'combina'),(236,'como'),(237,'comodidad'),(238,'comodo'),(239,'comodo\0 '),(240,'compacto'),(241,'comparte'),(242,'compartida'),(243,'computadoras'),(244,'comunicacion'),(245,'comunicarse'),(246,'comunidad'),(247,'con'),(248,'con1'),(249,'con1gb'),(250,'con2'),(251,'conectado'),(252,'conectarse'),(253,'conectate'),(254,'conexion'),(255,'confortable'),(256,'conoce'),(257,'conocido'),(258,'conseguir'),(259,'consumo'),(260,'contado'),(261,'contar'),(262,'control'),(263,'convierte'),(264,'coprocesador'),(265,'core'),(266,'correos'),(267,'cortex\0a5'),(268,'costo'),(269,'cream'),(270,'cual'),(271,'cualquier'),(272,'cuatro'),(273,'cuenta'),(274,'cuentas'),(275,'cuotas'),(276,'curvo'),(277,'curvos\0 '),(278,'cusco'),(279,'d2004'),(280,'d2206'),(281,'d2306'),(282,'d5106'),(283,'d625'),(284,'d6503'),(285,'d6603'),(286,'d722'),(287,'d805'),(288,'d855'),(289,'da'),(290,'dandole'),(291,'darle'),(292,'dart'),(293,'de'),(294,'de1\02ghz'),(295,'de2\016'),(296,'debido'),(297,'deco'),(298,'decos'),(299,'defecto'),(300,'del'),(301,'delgado'),(302,'dentro'),(303,'desarrollado'),(304,'descarga'),(305,'descargar'),(306,'descubre'),(307,'desde'),(308,'desde '),(309,'desees'),(310,'desempeno'),(311,'deslizable'),(312,'destaca'),(313,'destinos'),(314,'detector'),(315,'dia'),(316,'diaria'),(317,'diferentes'),(318,'digital'),(319,'dinamico'),(320,'directv'),(321,'disenado'),(322,'diseno'),(323,'disfruta'),(324,'disfrutan'),(325,'disfrutar'),(326,'disfrutaras'),(327,'disfrutes'),(328,'dispone'),(329,'disponibilidad'),(330,'dispositivo'),(331,'distancia'),(332,'diversas'),(333,'diversidad'),(334,'documentos'),(335,'donde'),(336,'dpi'),(337,'dual'),(338,'dual\0core'),(339,'duo'),(340,'duradero'),(341,'e'),(342,'e1'),(343,'e2230'),(344,'e3'),(345,'e410'),(346,'e7'),(347,'e700m'),(348,'e976'),(349,'economico'),(350,'ejecutar'),(351,'el'),(352,'elaborado'),(353,'elegante'),(354,'ellos'),(355,'emisora'),(356,'en'),(357,'energia'),(358,'entel'),(359,'entre'),(360,'enviar'),(361,'equipado'),(362,'equipados'),(363,'equipo'),(364,'eres'),(365,'ergonomico'),(366,'es'),(367,'escribir'),(368,'escritorio'),(369,'escritura'),(370,'escuchamos'),(371,'escuchar'),(372,'esfuerzo'),(373,'esparabas'),(374,'espera'),(375,'esta'),(376,'estado'),(377,'estandar'),(378,'estar'),(379,'este'),(380,'estelar'),(381,'estilizado'),(382,'estilo'),(383,'esto'),(384,'excelente'),(385,'expandible'),(386,'expandido'),(387,'expandir'),(388,'experiencia'),(389,'experiencias'),(390,'experimentado'),(391,'externa'),(392,'extiende'),(393,'extra'),(394,'extranjero'),(395,'f3'),(396,'f60'),(397,'facebook'),(398,'facil'),(399,'facilidad'),(400,'fame'),(401,'familia'),(402,'fan'),(403,'favoritos'),(404,'fija'),(405,'fijo'),(406,'fijos'),(407,'fire'),(408,'firefox'),(409,'fisico'),(410,'flash'),(411,'fluida'),(412,'fm'),(413,'fonoya'),(414,'formato'),(415,'fotograficas'),(416,'fotos'),(417,'fox'),(418,'fue'),(419,'fuera'),(420,'full'),(421,'funcion'),(422,'funciones'),(423,'futbol'),(424,'g'),(425,'g2'),(426,'g2800'),(427,'g3'),(428,'g3512'),(429,'g3512es'),(430,'g526'),(431,'g6'),(432,'g6005'),(433,'g620'),(434,'g7'),(435,'g7206'),(436,'g760'),(437,'g800'),(438,'g900'),(439,'galaxy'),(440,'gb'),(441,'gb\0 '),(442,'gear'),(443,'gemini'),(444,'generacion'),(445,'geo\0etiquetado'),(446,'gestionar'),(447,'ghz'),(448,'gingerbread'),(449,'glass'),(450,'glass\0 '),(451,'global'),(452,'gmail'),(453,'google'),(454,'gorila'),(455,'gorilla'),(456,'graba'),(457,'gracias'),(458,'grafica'),(459,'gran'),(460,'grand'),(461,'grande'),(462,'graphic'),(463,'gratis'),(464,'gratuitas'),(465,'gusta'),(466,'gusto'),(467,'gustos'),(468,'h\0263'),(469,'h\0264'),(470,'ha'),(471,'habla'),(472,'hablar'),(473,'hace'),(474,'hacer'),(475,'haciendo'),(476,'has'),(477,'hasta'),(478,'hbo'),(479,'hd'),(480,'hecho'),(481,'here'),(482,'hisilicon'),(483,'hn'),(484,'hogar'),(485,'horario'),(486,'horas'),(487,'hornet'),(488,'hotmail'),(489,'hr'),(490,'huancayo'),(491,'huawei'),(492,'ice'),(493,'ideal'),(494,'identificador'),(495,'idiomas'),(496,'idol'),(497,'ii'),(498,'ilimitadamente'),(499,'ilimitadas'),(500,'imagenes'),(501,'impactos'),(502,'incluidos'),(503,'incluye'),(504,'incorporo'),(505,'increible'),(506,'increiblemente'),(507,'infinidad'),(508,'informate'),(509,'instalacion'),(510,'instalar'),(511,'integracion'),(512,'inteligente'),(513,'interfaz'),(514,'interna'),(515,'internet'),(516,'interno'),(517,'interno\0 '),(518,'intuitiva'),(519,'ios'),(520,'iphone'),(521,'jelly'),(522,'jellybean'),(523,'juegos'),(524,'kbps'),(525,'kikat'),(526,'kirin'),(527,'kitkat'),(528,'l1'),(529,'l9'),(530,'la'),(531,'laboral'),(532,'laptop'),(533,'larga'),(534,'las'),(535,'lcd'),(536,'le'),(537,'led'),(538,'lg'),(539,'libres'),(540,'lider'),(541,'lima'),(542,'linea'),(543,'lineas'),(544,'llama'),(545,'llamadas'),(546,'llamame'),(547,'llamar'),(548,'llevar'),(549,'lo'),(550,'local'),(551,'locales'),(552,'los'),(553,'lte'),(554,'lugar'),(555,'lumia'),(556,'m2'),(557,'m8'),(558,'mandar'),(559,'manera'),(560,'mantente'),(561,'manzana'),(562,'maps'),(563,'marketplace'),(564,'mas'),(565,'max'),(566,'mayor'),(567,'mb'),(568,'mbps'),(569,'medio'),(570,'megapixeles'),(571,'mejor'),(572,'mejorada'),(573,'mejorado'),(574,'mejores'),(575,'memoria'),(576,'memorias'),(577,'mensajes'),(578,'mensuales'),(579,'mercado'),(580,'mhz'),(581,'micro'),(582,'microsd'),(583,'microsoft'),(584,'miles'),(585,'mini'),(586,'minutos'),(587,'mismo'),(588,'modelo'),(589,'modem'),(590,'momento'),(591,'moto'),(592,'motorla'),(593,'motorola'),(594,'moviles'),(595,'movimiento'),(596,'movistar'),(597,'mozilla'),(598,'mp'),(599,'mp4'),(600,'msm7227a'),(601,'msm8926'),(602,'mt'),(603,'mucha'),(604,'muchas'),(605,'multidestino'),(606,'multiples'),(607,'multitactil'),(608,'multitarea'),(609,'multitareas'),(610,'multivia'),(611,'mundo'),(612,'musica'),(613,'musical'),(614,'muy'),(615,'n900w8'),(616,'nacional'),(617,'nacionales'),(618,'naranja'),(619,'navega'),(620,'navegacion'),(621,'navegar'),(622,'necesaria'),(623,'necesidades'),(624,'necesites'),(625,'negro'),(626,'neo'),(627,'neon'),(628,'ninguna'),(629,'nitidez'),(630,'nivel'),(631,'no'),(632,'nokia'),(633,'nominal'),(634,'normal'),(635,'note'),(636,'novedoso'),(637,'nucleos'),(638,'nuevas'),(639,'nuevo'),(640,'nunca'),(641,'o'),(642,'oficina'),(643,'ofrece'),(644,'olvidate'),(645,'onda'),(646,'one'),(647,'onetouch'),(648,'onetouch225'),(649,'onetouch720'),(650,'opciones'),(651,'open'),(652,'operador'),(653,'operadoras'),(654,'operativo'),(655,'optimo'),(656,'optimus'),(657,'oro'),(658,'os'),(659,'ot\0255'),(660,'ot\04019'),(661,'ot\05042'),(662,'ot\05050'),(663,'ot\06036'),(664,'ot\0606a'),(665,'ot\0720'),(666,'otras'),(667,'otro'),(668,'outlook'),(669,'p659'),(670,'p7'),(671,'p768'),(672,'paises'),(673,'pantalla'),(674,'pantallas'),(675,'paquete'),(676,'para'),(677,'pausa'),(678,'pc'),(679,'perfecta'),(680,'perfiles'),(681,'permite'),(682,'permitiendote'),(683,'permitira'),(684,'pero'),(685,'personal'),(686,'personas'),(687,'peru'),(688,'phone'),(689,'piura'),(690,'pixeles'),(691,'plan'),(692,'plana'),(693,'plata'),(694,'platino'),(695,'play'),(696,'plus'),(697,'pocket'),(698,'podras'),(699,'pop'),(700,'popular'),(701,'populares'),(702,'por'),(703,'posee'),(704,'poseer'),(705,'posibilidad'),(706,'posible'),(707,'postpago'),(708,'potencia'),(709,'potente'),(710,'precio'),(711,'preferida'),(712,'premium'),(713,'prepago'),(714,'presentacion'),(715,'prestaciones'),(716,'primera'),(717,'problemas'),(718,'procesador'),(719,'procesadorde'),(720,'promocion'),(721,'provee'),(722,'puedas'),(723,'puede'),(724,'puedes'),(725,'pulgadas'),(726,'punta'),(727,'q10'),(728,'qs810'),(729,'quad'),(730,'quad\0core'),(731,'quadcore'),(732,'qualcomm'),(733,'que'),(734,'quieras'),(735,'qvga'),(736,'qwerty'),(737,'radio'),(738,'ram'),(739,'ranura'),(740,'rapida'),(741,'rapidez'),(742,'rapido'),(743,'rayaduras'),(744,'reaccion'),(745,'real'),(746,'realizar'),(747,'reciente'),(748,'red'),(749,'redes'),(750,'reducido'),(751,'reducir'),(752,'rendimiento'),(753,'resistencia'),(754,'resistente'),(755,'resolucion'),(756,'responde'),(757,'resulto'),(758,'revisa'),(759,'revisar'),(760,'router'),(761,'s\0\0118\002'),(762,'s\0\0395\030'),(763,'s\0\060\000'),(764,'s\0\069'),(765,'s\0a\0a'),(766,'s1'),(767,'s3'),(768,'s4'),(769,'s5'),(770,'s5310'),(771,'s6810'),(772,'saldo”'),(773,'samsung'),(774,'sandwich'),(775,'sd'),(776,'se'),(777,'segun'),(778,'segunda'),(779,'segundo'),(780,'segundos'),(781,'semiplana'),(782,'sencilla'),(783,'sencillo'),(784,'ser'),(785,'sera'),(786,'servicios'),(787,'si'),(788,'sido'),(789,'siempre'),(790,'sin'),(791,'sincronizacion'),(792,'sistema'),(793,'sm\0g7105l'),(794,'smarphone'),(795,'smartphone'),(796,'snapdragon'),(797,'sociales'),(798,'solo'),(799,'somos'),(800,'sony'),(801,'soporta'),(802,'sorprendentes'),(803,'sp'),(804,'star'),(805,'store'),(806,'su'),(807,'suave'),(808,'sube'),(809,'sumergete'),(810,'super'),(811,'sus'),(812,'sva\0s'),(813,'sva’s'),(814,'t3'),(815,'tablet'),(816,'tactil'),(817,'tamano'),(818,'tambien'),(819,'tan'),(820,'tanto'),(821,'tareas'),(822,'tarifa'),(823,'tarjeta'),(824,'tarjetas'),(825,'te'),(826,'teclado'),(827,'tecnologia'),(828,'telefonia'),(829,'telefonica'),(830,'telefono'),(831,'telefonos'),(832,'television'),(833,'tendra'),(834,'tener'),(835,'tengo'),(836,'texto'),(837,'ti'),(838,'tiempo'),(839,'tienda'),(840,'tiene'),(841,'tienes'),(842,'tipo'),(843,'tm'),(844,'toda'),(845,'todas'),(846,'todo'),(847,'todos'),(848,'total'),(849,'totalmente'),(850,'touch'),(851,'touchscreen'),(852,'trabajar'),(853,'trae'),(854,'traves'),(855,'trujillo'),(856,'tu'),(857,'tus'),(858,'tuyo'),(859,'tv'),(860,'twitter'),(861,'type'),(862,'u'),(863,'ultima'),(864,'un'),(865,'una'),(866,'uno'),(867,'urbana'),(868,'usuario'),(869,'usuarios'),(870,'utiliza'),(871,'utilizan'),(872,'utilizar'),(873,'variedad'),(874,'ve'),(875,'vean'),(876,'veloces'),(877,'velocidad'),(878,'verde'),(879,'version'),(880,'vibrantes'),(881,'vida'),(882,'video'),(883,'videos'),(884,'viene'),(885,'vista'),(886,'visualizacion'),(887,'visualizar'),(888,'voz'),(889,'watch'),(890,'web'),(891,'wi\0fi'),(892,'wifi'),(893,'wifi\0 '),(894,'windows'),(895,'wmv'),(896,'x'),(897,'xperia'),(898,'xt'),(899,'xt\01040'),(900,'xt1021'),(901,'xt1058'),(902,'xt1097'),(903,'y'),(904,'y220'),(905,'y330'),(906,'y550'),(907,'ya'),(908,'yahoo'),(909,'z1'),(910,'z10'),(911,'z2'),(912,'z3'),(913,'zte'),(914,' 112'),(915,' google'),(916,' nokia'),(917,' para');
/*!40000 ALTER TABLE `dictionary` ENABLE KEYS */;
UNLOCK TABLES;

--
-- Table structure for table `most_searched_sentences`
--

DROP TABLE IF EXISTS `most_searched_sentences`;
/*!40101 SET @saved_cs_client     = @@character_set_client */;
/*!40101 SET character_set_client = utf8 */;
CREATE TABLE `most_searched_sentences` (
  `most_searched_sentences_id` bigint(20) NOT NULL AUTO_INCREMENT,
  `most_searched_sentences_sentence` varchar(200) DEFAULT NULL,
  `most_searched_sentences_value` bigint(20) DEFAULT NULL,
  PRIMARY KEY (`most_searched_sentences_id`)
) ENGINE=InnoDB AUTO_INCREMENT=5 DEFAULT CHARSET=utf8;
/*!40101 SET character_set_client = @saved_cs_client */;

--
-- Dumping data for table `most_searched_sentences`
--

LOCK TABLES `most_searched_sentences` WRITE;
/*!40000 ALTER TABLE `most_searched_sentences` DISABLE KEYS */;
INSERT INTO `most_searched_sentences` VALUES (1,'nokia',5),(2,'lte',2),(3,'samsung',2),(4,'galaxy',2);
/*!40000 ALTER TABLE `most_searched_sentences` ENABLE KEYS */;
UNLOCK TABLES;

--
-- Table structure for table `product`
--

DROP TABLE IF EXISTS `product`;
/*!40101 SET @saved_cs_client     = @@character_set_client */;
/*!40101 SET character_set_client = utf8 */;
CREATE TABLE `product` (
  `product_id` bigint(20) NOT NULL AUTO_INCREMENT,
  `product_name` varchar(600) NOT NULL,
  `product_shortname` varchar(100) NOT NULL,
  `company_id` bigint(20) NOT NULL,
  `product_price` double NOT NULL,
  `product_image_path` varchar(45) NOT NULL,
  `product_category_id` bigint(20) NOT NULL,
  `product_description` varchar(2000) DEFAULT NULL,
  `product_positive` bigint(20) NOT NULL,
  `product_negative` bigint(20) NOT NULL,
  `product_extra_description` varchar(200) DEFAULT NULL,
  `product_url` varchar(100) DEFAULT NULL,
  PRIMARY KEY (`product_id`),
  KEY `fk_product_category_idx` (`product_category_id`),
  KEY `fk_product_company_idx` (`company_id`),
  CONSTRAINT `fk_product_company` FOREIGN KEY (`company_id`) REFERENCES `company` (`company_id`) ON DELETE NO ACTION ON UPDATE NO ACTION,
  CONSTRAINT `fk_product_product_category` FOREIGN KEY (`product_category_id`) REFERENCES `product_category` (`product_category_id`) ON DELETE NO ACTION ON UPDATE NO ACTION
) ENGINE=InnoDB AUTO_INCREMENT=2521 DEFAULT CHARSET=utf8;
/*!40101 SET character_set_client = @saved_cs_client */;

--
-- Dumping data for table `product`
--

LOCK TABLES `product` WRITE;
/*!40000 ALTER TABLE `product` DISABLE KEYS */;
INSERT INTO `product` VALUES (1,'Internet 2000 Kbps','Internet 2000 Kbps',2,68,'image.png',1,'Conéctate desde una PC o utiliza el router Wi-fi para acceder a Internet desde una laptop u otro dispositivo. Comparte, navega y descubre todo lo que puedes hacer con una conexión a Internet.',23,22,NULL,NULL),(2,'Internet 4000 Kbps','Internet 4000 Kbps',2,88,'image.png',1,'Una súper velocidad para disfrutar de Internet ilimitadamente. Si lo tuyo es la velocidad este plan está hecho para ti. Descarga o sube tus archivos favoritos a la web.',5,8,NULL,NULL),(3,'Internet 8000 Kbps','Internet 8000 Kbps',2,118,'image.png',1,'Una súper velocidad para disfrutar ilimitadamente de tu conexión Internet. Un plan increible que esparabas para tu hogar u oficina te ofrece Claro. Por promoción sin costo de instalación.',15,30,NULL,NULL),(4,'Dúo Internet 2 Mbps','2 Mbps',1,69,'image.png',1,'Por promoción navega a 2 Mbps, velocidad nominal de 500 kbps. Modem Wifi. Aula 365 gratis. Línea Tarifa Control 30. 1,800 segundos para realizar llamadas locales de fijo a fijo dentro de la Red de Movistar.',1,50,NULL,NULL),(5,'Dúo Internet 4 Mbps','4 Mbps',1,89,'image.png',1,'Por promoción navega a 4 Mbps, velocidad nominal de 1 Mbps. Modem Wifi. Aula 365 Gratis. Tarifa Semiplana 250. Llamadas ilimitadas a fijos locales de la red Movistar en Horario Reducido (HR) y 250 minutos para llamadas a fijos locales dentro y fuera de la red fija de Movistar en Horario normal (HN). No incluye SVA\'s.',5,20,NULL,NULL),(6,'Dúo Internet 8 Mbps','8 Mbps',1,129,'image.png',1,'Por promoción navega a 8 Mbps, velocidad nominal de 4 Mbps. Modem Wifi. Aula 365 Gratis. Tarifa Plana Local. Llamadas ilimitadas a fijos locales dentro de la red fija de Movistar las 24 horas del día. Incluye identificador de llamadas y casilla de voz.',12,25,NULL,NULL),(7,'Dúo Internet 15 Mbps','15 Mbps',1,199,'image.png',1,'Navegación a velocidad de 15 Mbps. Modem Wifi. Aula 365 Gratis. Tarifa Plana Local. Llamadas ilimitadas a fijos locales dentro de la red fija de Movistar las 24 horas del día. Incluye identificador de llamadas y casilla de voz.',12,23,NULL,NULL),(8,'Multidestino 100','Multidestino 100',2,39,'image.png',2,'¡Llamar al extranjero nunca fue tan cómodo! Ahora podrás hablar 100 minutos a más de 20 países.',12,43,NULL,NULL),(9,'Multidestino 200','Multidestino 200',2,49,'image.png',2,'Habla a más de 20 países desde tu teléfono fijo sin problemas. Conoce el plan Multidestino 200 aquí.',22,43,NULL,NULL),(10,'Multidestino 400','Multidestino 400',2,69,'image.png',2,'Llama sin problemas al extranjero y habla todo lo que quieras con el plan Multidestino 400.',22,55,NULL,NULL),(11,'Líneas Libres Tarifa Plana Nacional 89','Tarifa Plana Nacional 89',1,74.8,'image.png',2,'Permite realizar llamadas ilimitadas a destinos fijos locales y destinos fijos de Larga Distancia de la red de Movistar las 24 horas del día. Full SVA’s. Costo de instalación: S/.60.00 en 12 cuotas',34,333,NULL,NULL),(12,'Líneas Libres Tarifa Plana Nacional 99','Tarifa Plana Nacional 99',1,83.47,'image.png',2,'Llamadas ilimitadas a destinos fijos locales y Nacionales dentro de la red de Movistar y 200 minutos para llamadas a destinos fijos locales a otras operadoras. Los minutos adicionales a otras operadoras  se cobran al segundo .Full SVA’s. Costo de instalación: S/.118.02 en 12 cuotas',33,22,NULL,NULL),(13,'Línea Control. Control al Segundo','Control al Segundo',1,32,'image.png',2,'Es un plan que brinda 7.800 segundos para realizar llamadas a locales de fijo a fijo. Costo de instalación: S/.60.00 en 12 cuotas',12,22,NULL,NULL),(14,'Línea Prepago. Prepago al Segundo','Prepago al Segundo',1,23,'image.png',2,'Es un plan que permite contar con 4.500 segundos (75 minutos) mensuales para realizar llamadas locales de fijo a fijo de cualquier operador. Costo de instalación: S/.395.30',1,222,NULL,NULL),(15,'Líneas Fonoya','Líneas Fonoya',1,20,'image.png',2,'El plan incluye 100 minutos a fijos locales de cualquier operador o 113 minutos a móviles de Movistar y 50 Mensajes de texto a Movistar y Fonoya a nivel nacional. Incluye Casilla de Voz, identificador de llamadas y *Llámame que no tengo saldo”. Costo de instalación: S/.69 al contado',12,222,NULL,NULL),(2393,'TV Estelar Lima','TV Estelar Lima',1,130.89,'image.png',5,'postpago, Disfruta hasta 119 canales de video.',10,10,'sd:116, hd:30, audio:50, radio:0, costo instalacion:180','http://www.movistar.com.pe/hogar/tv/estelar'),(2394,'TV Estelar Piura','TV Estelar Piura',1,130.89,'image.png',5,'postpago, Disfruta hasta 119 canales de video.',10,10,'sd:115, hd:30, audio:50, radio:0, costo instalacion:180','http://www.movistar.com.pe/hogar/tv/estelar'),(2395,'TV Estelar Cusco','TV Estelar Cusco',1,130.89,'image.png',5,'postpago, Disfruta hasta 119 canales de video.',10,10,'sd:115, hd:30, audio:50, radio:0, costo instalacion:180','http://www.movistar.com.pe/hogar/tv/estelar'),(2396,'TV Estandar Lima','TV Estandar Lima',1,79,'image.png',5,'postpago, Disfruta hasta 68 canales de video.',10,10,'sd:71, hd:30, audio:50, radio:0, costo instalacion:180','http://www.movistar.com.pe/hogar/tv/estandar'),(2397,'TV Estelar Arequipa','TV Estelar Arequipa',1,130.89,'image.png',5,'postpago, Disfruta hasta 119 canales de video.',10,10,'sd:115, hd:30, audio:50, radio:0, costo instalacion:180','http://www.movistar.com.pe/hogar/tv/estelar'),(2398,'TV Estandar Piura','TV Estandar Piura',1,74,'image.png',5,'postpago, Disfruta hasta 68 canales de video.',10,10,'sd:65, hd:30, audio:50, radio:0, costo instalacion:180','http://www.movistar.com.pe/hogar/tv/estandar'),(2399,'TV Estelar Chiclayo','TV Estelar Chiclayo',1,130.89,'image.png',5,'postpago, Disfruta hasta 119 canales de video.',10,10,'sd:115, hd:30, audio:50, radio:0, costo instalacion:180','http://www.movistar.com.pe/hogar/tv/estelar'),(2400,'TV Estandar Cusco','TV Estandar Cusco',1,74,'image.png',5,'postpago, Disfruta hasta 68 canales de video.',10,10,'sd:65, hd:30, audio:50, radio:0, costo instalacion:180','http://www.movistar.com.pe/hogar/tv/estandar'),(2401,'TV Estelar Chimbote','TV Estelar Chimbote',1,84.29,'image.png',5,'postpago, Disfruta hasta 119 canales de video.',10,10,'sd:85, hd:30, audio:50, radio:0, costo instalacion:180','http://www.movistar.com.pe/hogar/tv/estelar'),(2402,'TV Estandar Arequipa','TV Estandar Arequipa',1,74,'image.png',5,'postpago, Disfruta hasta 68 canales de video.',10,10,'sd:65, hd:30, audio:50, radio:0, costo instalacion:180','http://www.movistar.com.pe/hogar/tv/estandar'),(2403,'TV Estelar Huancayo','TV Estelar Huancayo',1,84.29,'image.png',5,'postpago, Disfruta hasta 119 canales de video.',10,10,'sd:85, hd:30, audio:50, radio:0, costo instalacion:180','http://www.movistar.com.pe/hogar/tv/estelar'),(2404,'TV Estandar Chiclayo','TV Estandar Chiclayo',1,74,'image.png',5,'postpago, Disfruta hasta 68 canales de video.',10,10,'sd:65, hd:30, audio:50, radio:0, costo instalacion:180','http://www.movistar.com.pe/hogar/tv/estandar'),(2405,'TV Estelar Trujillo','TV Estelar Trujillo',1,130.89,'image.png',5,'postpago, Disfruta hasta 119 canales de video.',10,10,'sd:65, hd:30, audio:50, radio:0, costo instalacion:180','http://www.movistar.com.pe/hogar/tv/estelar'),(2406,'TV Estandar Chimbote','TV Estandar Chimbote',1,74,'image.png',5,'postpago, Disfruta hasta 68 canales de video.',10,10,'sd:55, hd:30, audio:50, radio:0, costo instalacion:180','http://www.movistar.com.pe/hogar/tv/estandar'),(2407,'TV Estandar Huancayo','TV Estandar Huancayo',1,74,'image.png',5,'postpago, Disfruta hasta 68 canales de video.',10,10,'sd:55, hd:30, audio:50, radio:0, costo instalacion:180','http://www.movistar.com.pe/hogar/tv/estandar'),(2408,'TV Estandar Trujillo','TV Estandar Trujillo',1,74,'image.png',5,'postpago, Disfruta hasta 68 canales de video.',10,10,'sd:65, hd:30, audio:50, radio:0, costo instalacion:180','http://www.movistar.com.pe/hogar/tv/estandar'),(2409,'FAMILIA','FAMILIA',5,55,'image.png',5,'prepago, Incluye 1 Deco basico en SD ',10,10,'sd:38, hd:0, audio:30, radio:9, costo instalacion:99','http://www.directv.com.pe/paquetes/ver-paquetes/prepago'),(2410,'BRONCE DIGITAL','BRONCE DIGITAL',5,70,'image.png',5,'prepago, Incluye 2 Deco basico en SD ',10,10,'sd:54, hd:0, audio:30, radio:9, costo instalacion:99','http://www.directv.com.pe/paquetes/ver-paquetes/prepago'),(2411,'PLATA DIGITAL 1','PLATA DIGITAL 1',5,82,'image.png',5,'postpago, Incluye 2 Deco basico en SD ',10,10,'sd:70, hd:0, audio:30, radio:9, costo instalacion:1','http://www.directv.com.pe/paquetes/ver-paquetes'),(2412,'ORO HD 1','ORO HD 1',5,118,'image.png',5,'postpago, Incluye 1 Deco basico en SD Incluye 1 Deco HD ',10,10,'sd:100, hd:17, audio:30, radio:9, costo instalacion:1','http://www.directv.com.pe/paquetes/ver-paquetes'),(2413,'ORO HD MAX 3','ORO HD MAX 3',5,153,'image.png',5,'postpago, Incluye 1 Deco HD Incluye 1 Deco HD que graba y pausa la television ',10,10,'sd:100, hd:17, audio:30, radio:9, costo instalacion:1','http://www.directv.com.pe/paquetes/ver-paquetes'),(2414,'PLATINO HD','PLATINO HD',5,208,'image.png',5,'postpago, Incluye 1 Deco HD Incluye 1 Deco HD que graba y pausa la television ',10,10,'sd:115, hd:19, audio:30, radio:9, costo instalacion:1','http://www.directv.com.pe/paquetes/ver-paquetes'),(2415,'Plata Digital 2','Plata Digital 2',5,87,'image.png',5,'postpago, Incluye 1 Deco basico en SD Incluye 1 Deco basico que graba y pausa la television ',10,10,'sd:70, hd:0, audio:30, radio:9, costo instalacion:1','http://www.directv.com.pe/paquetes/ver-paquetes'),(2416,'Plata Digital 3','Plata Digital 3',5,97,'image.png',5,'postpago, Incluye 1 Deco basico en SD Incluye 1 Deco HD ',10,10,'sd:70, hd:16, audio:30, radio:9, costo instalacion:1','http://www.directv.com.pe/paquetes/ver-paquetes'),(2417,'ORO HD MAX 1','ORO HD MAX 1',5,128,'image.png',5,'postpago, Incluye 2 Deco HD ',10,10,'sd:100, hd:17, audio:30, radio:9, costo instalacion:1','http://www.directv.com.pe/paquetes/ver-paquetes'),(2418,'ORO HD 2','ORO HD 2',5,133,'image.png',5,'postpago, Incluye 1 Deco basico en SD Incluye 1 Deco HD que graba y pausa la television ',10,10,'sd:100, hd:17, audio:30, radio:9, costo instalacion:1','http://www.directv.com.pe/paquetes/ver-paquetes'),(2419,'ORO HD MAX 2','ORO HD MAX 2',5,143,'image.png',5,'postpago, Incluye 1 Deco HD Incluye 1 Deco HD que graba y pausa la television ',10,10,'sd:100, hd:17, audio:30, radio:9, costo instalacion:1','http://www.directv.com.pe/paquetes/ver-paquetes'),(2420,'ORO FULL','ORO FULL',5,188,'image.png',5,'postpago, Incluye 1 Deco basico en SD Incluye 1 Deco HD que graba y pausa la television ',10,10,'sd:115, hd:19, audio:30, radio:9, costo instalacion:1','http://www.directv.com.pe/paquetes/ver-paquetes'),(2421,'Basico Lima','Basico Lima',2,58,'image.png',5,'postpago, Escuchar Escuchar',10,10,'sd:74, hd:0, audio:0, radio:0, costo instalacion:198.32','http://www.claro.com.pe/wps/portal/pe/sc/personas/catalogo-planes/claro-tv/planes-clarotv-basico/pla'),(2422,'Hogar Basico','Hogar Basico',2,79,'image.png',5,'postpago, Escuchar Escuchar',10,10,'sd:96, hd:0, audio:0, radio:0, costo instalacion:198.32','http://www.claro.com.pe/wps/portal/pe/sc/personas/catalogo-planes/claro-tv/planes-clarotv-basico/pla'),(2423,'PLUS','PLUS',2,69,'image.png',5,'postpago, 3 decos adicionales max. ',10,10,'sd:52, hd:0, audio:0, radio:0, costo instalacion:198.32','http://www.claro.com.pe/wps/portal/pe/sc/personas/catalogo-planes/claro-tv/planes-clarotv-sat/plus?h'),(2424,'PLUS HD','PLUS HD',2,89,'image.png',5,'postpago, 3 decos adicionales max. ',10,10,'sd:52, hd:22, audio:0, radio:0, costo instalacion:198.32','http://www.claro.com.pe/wps/portal/pe/sc/personas/catalogo-planes/claro-tv/planes-clarotv-sat/planes'),(2425,'PLUS HD + HBO + FOX+','PLUS HD + HBO + FOX+',2,154,'image.png',5,'postpago, 3 decos adicionales max. ',10,10,'sd:60, hd:26, audio:0, radio:0, costo instalacion:198.32','http://www.claro.com.pe/wps/portal/pe/sc/personas/catalogo-planes/claro-tv/planes-clarotv-sat/plan-p'),(2426,'Full HD Digital','Full HD Digital',2,232,'image.png',5,'postpago, 3 decos incluidos ',10,10,'sd:147, hd:58, audio:50, radio:0, costo instalacion:198.32','http://www.claro.com.pe/wps/portal/pe/sc/personas/catalogo-planes/claro-tv/planes-clarotv-digital/pl'),(2427,'Cine HD Digital','Cine HD Digital',2,137,'image.png',5,'postpago, 3 decos incluidos ',10,10,'sd:137, hd:19, audio:50, radio:0, costo instalacion:198.32','http://www.claro.com.pe/wps/portal/pe/sc/personas/catalogo-planes/claro-tv/planes-clarotv-digital/ci'),(2428,'Hogar Digital','Hogar Digital',2,92,'image.png',5,'postpago, 2 decos incluidos ',10,10,'sd:98, hd:10, audio:50, radio:0, costo instalacion:198.32','http://www.claro.com.pe/wps/portal/pe/sc/personas/catalogo-planes/claro-tv/planes-clarotv-digital/pl'),(2429,'Cablestar Estandar HD ','Cablestar Estandar HD ',6,94,'image.png',5,'postpago, ',10,10,'sd:61, hd:26, audio:0, radio:0, costo instalacion:0','http://www.star.com.pe/arequipa/cablestar_tarifas.php'),(2430,'Cablestar Estelar HD ','Cablestar Estelar HD ',6,116,'image.png',5,'postpago, ',10,10,'sd:91, hd:36, audio:0, radio:0, costo instalacion:0','http://www.star.com.pe/arequipa/cablestar_tarifas.php'),(2431,'Cablestar Estelar','Cablestar Estelar',6,96,'image.png',5,'postpago, ',10,10,'sd:91, hd:0, audio:0, radio:0, costo instalacion:0','http://www.star.com.pe/arequipa/cablestar_tarifas.php'),(2432,'Cablestar Estelar','Cablestar Estelar',6,96,'image.png',5,'postpago, ',10,10,'sd:91, hd:0, audio:0, radio:0, costo instalacion:0','http://www.star.com.pe/tacna/cablestar_tarifas.php'),(2433,'Cablestar Estandar','Cablestar Estandar',6,74,'image.png',5,'postpago, ',10,10,'sd:61, hd:0, audio:0, radio:0, costo instalacion:0','http://www.star.com.pe/arequipa/cablestar_tarifas.php'),(2434,'Cablestar Estandar','Cablestar Estandar',6,74,'image.png',5,'postpago, ',10,10,'sd:61, hd:0, audio:0, radio:0, costo instalacion:0','http://www.star.com.pe/tacna/cablestar_tarifas.php'),(2435,'Bmobile QS810','Bmobile QS810',1,239,'QS810.png',4,'\r\n\r\n	El Bmobile QS810 es un teléfono con el que podrás estar conectado con toda tu comunidad en todo momento ya que posee la banda 2G y te permite actualizar tus redes sociales de manera sencilla.',10,10,NULL,'http://catalogo.movistar.com.pe/bmobile-qs810'),(2436,'LG DART A200','LG DART A200',1,269,'DART A200.png',4,'',10,10,NULL,'http://catalogo.movistar.com.pe/lg-dart-a200'),(2437,'Nokia C2-02','Nokia C2-02',1,269,'C2 02.png',4,'\r\n\r\n	El Nokia C2-02 es un teléfono celular lider de la línea Touch & Type. Posee una pantalla QVGA táctil de 2.6 pulgadas y una resolución de 240 x 320 megapíxeles y si no eres fan de escribir en la pantalla, puedes utilizar el teclado alfanumérico deslizable. Tiene la capacidad de expandir su memoria hasta 32GB con tarjetas microSD.',10,10,NULL,'http://catalogo.movistar.com.pe/nokia-c2-02'),(2438,'Huawei G7206','Huawei G7206',1,259,'G7206.png',4,'\r\n\r\n	El Huawei G7206 es un teléfono compacto, fácil de utilizar y posee una pantalla touchscreen de 2.8 pulgadas de 240 x 320 píxeles, su memoria se extiende hasta 8GB con tarjeta microSD.',10,10,NULL,'http://catalogo.movistar.com.pe/huawei-g7206'),(2439,'LG HORNET A255','LG HORNET A255',1,319,'HORNET A255.png',4,'',10,10,NULL,'http://catalogo.movistar.com.pe/lg-hornet-a255'),(2440,'Huawei G6005','Huawei G6005',1,129,'G6005.png',4,'\r\n\r\n	El Huawei G6005 es un teléfono económico, fácil de utilizar y posee una pantalla a color de 160 x 120 píxeles de resolución.',10,10,NULL,'http://catalogo.movistar.com.pe/huawei-g6005'),(2441,'Huawei G3512','Huawei G3512',1,119,'G3512.png',4,'\r\n\r\n	El Huawei G3512es un teléfono sencillo, compacto, agradable, colorido y cómodo, diseñado para personas que buscan un fácil y rápido medio de comunicación.',10,10,NULL,'http://catalogo.movistar.com.pe/huawei-g3512'),(2442,'Huawei G2800','Huawei G2800',1,99,'G2800.png',4,'\r\n\r\n	El Huawei G2800 es un teléfono sencillo, compacto y cómodo, diseñado para personas que buscan un fácil y rápido medio de comunicación.',10,10,NULL,'http://catalogo.movistar.com.pe/huawei-g2800'),(2443,'Alcatel OT-606A','Alcatel OT-606A',1,209,'OT 606A.png',4,'\r\n\r\n	El Alcatel One Touch 606A es un teléfono con el que podrás estar conectado al mundo en todo momento ya que posee la banda 2G y podrás actualizar tus redes sociales de manera sencilla.',10,10,NULL,'http://catalogo.movistar.com.pe/alcatel-ot-606a'),(2444,'Alcatel OT-255 MT','Alcatel OT-255 MT',1,109,'OT 255 MT.png',4,'\r\n\r\n	El Alcatel OneTouch225 MT es un teléfono diseñado para usuarios que disfrutan de comunicarse a través de mensajes de texto, esto debido a la facilidad al escribir que provee su teclado Qwerty. Viene en los colores negro, verde manzana y naranja (según disponibilidad)',10,10,NULL,'http://catalogo.movistar.com.pe/alcatel-ot-255-mt'),(2445,'BlackBerry Gemini 8520','BlackBerry Gemini 8520',1,1109,'GEMINI 8520.png',3,'\r\n\r\n	',10,10,NULL,'http://catalogo.movistar.com.pe/blackberry-gemini-8520'),(2446,'Alcatel OT-720','Alcatel OT-720',1,259,'OT 720.png',4,'\r\n\r\n	El Alcatel OneTouch720 es un teléfono con el que podrás estar conectado al mundo en todo momento ya que además de poseer la banda 2G, puede conectarse por WiFi con un solo botón. Accede a tus redes sociales Facebook y Twitter y mantente al tanto de la comunidad, o navega por la web e infórmate de lo que necesites.',10,10,NULL,'http://catalogo.movistar.com.pe/alcatel-ot-720'),(2447,'BlackBerry 9790','BlackBerry 9790',1,1699,'9790.png',3,'\r\n\r\n	',10,10,NULL,'http://catalogo.movistar.com.pe/blackberry-9790'),(2448,'BlackBerry ARMSTRONG 9320','BlackBerry ARMSTRONG 9320',1,869,'ARMSTRONG 9320.png',3,'\r\n\r\n	',10,10,NULL,'http://catalogo.movistar.com.pe/blackberry-armstrong-9320'),(2449,'Movistar ONDA','Movistar ONDA',1,99,'ONDA.png',4,'',10,10,NULL,'http://catalogo.movistar.com.pe/movistar-onda'),(2450,'Apple iPhone 5 32GB','Apple iPhone 5 32GB',1,2599,'IPHONE 5 32GB.png',3,'\r\n\r\n	El más reciente modelo de Apple cuenta con procesador Dual-Core de 1.2 GHz. y la más reciente versión de su sistema operativo iOS 6. Posee una pantalla táctil de 4 pulgadas con tecnología Gorilla Glass que lo hace resistente a impactos y teclado QWERTY digital con detector de texto en múltiples idiomas para mandar mensajes de manera rápida y sencilla.',10,10,NULL,'http://catalogo.movistar.com.pe/apple-iphone-5-32gb'),(2451,'Movistar NEON','Movistar NEON',1,189,'NEON.png',4,'',10,10,NULL,'http://catalogo.movistar.com.pe/movistar-neon'),(2452,'Nokia Lumia 820 LTE','Nokia Lumia 820 LTE',1,1529,'LUMIA 820 LTE.png',3,'\r\n\r\n	El Smartphone Nokia Lumia 820 viene con sistema operativo Windows Phone 8, un procesador Dual-Core de 1.5 Ghz y memoria RAM de 1 GB.\r\n	Con la cámara de 8 MP podrás capturar imágenes fotográficas de hasta 3264x2448 píxeles, además con función de autoenfoque y dual flash LED. Además graba videos en Full HD con resolución de hasta 1080p.\r\n	Descubre lo que tienes a tu alrededor con Nokia Vista Urbana.',10,10,NULL,'http://catalogo.movistar.com.pe/nokia-lumia-820-lte'),(2453,'LG Optimus G E976','LG Optimus G E976',1,1899,'OPTIMUS G E976.png',3,'\r\n\r\n	El celular inteligente Optimus G E976 de LG cuenta con sistema operativo Android 4.1.2 (Jelly Bean) y un potente procesador Quad-Core de 1.5 GHz, además cuenta con una memoria RAM de 2GB haciendo de este Smartphone uno de los más veloces del mercado, ideal para las multitareas.\r\n	Memoria interna de 32 GB ideal para llevar siempre tus videos, fotos y música a todo lugar y disfrutar de ellos en cualquier momento.',10,10,NULL,'http://catalogo.movistar.com.pe/lg-optimus-g-e976'),(2454,'Nokia 100','Nokia 100',1,109,'100.png',4,'\r\n\r\n	El Nokia 100 es un teléfono económico, fácil de utilizar y posee una pantalla a color de 128 x 160 píxeles de resolución.',10,10,NULL,'http://catalogo.movistar.com.pe/nokia-100'),(2455,'BlackBerry Z10','BlackBerry Z10',1,1999,'Z10.png',3,'\r\n\r\n	El más reciente y mejorado modelo Blackberry, el Z10 cuenta con una gran pantalla táctil de 4.2 pulgadas y resolución de 768x1280 píxeles. Este equipo viene con el más reciente sistema operativo, el Blackberry 10, el cual cuenta con una interfaz más fluida, dándole mayor rapidez de reacción a la multitarea de aplicaciones; además de un nuevo teclado QWERTY totalmente táctil.',10,10,NULL,'http://catalogo.movistar.com.pe/blackberry-z10'),(2456,'BlackBerry Q10 LTE','BlackBerry Q10 LTE',1,2699,'Q10 LTE.png',3,'\r\nEl modelo Q10 de Blackberry tiene un procesador Dual-Core de 1.5 Ghz, memoria RAM de 2Gb y sistema operativo Blackberry 10. Esto hace del Q10 un equipo súper rápido y dinámico para las multitareas.\r\n	El Blackberry Q10 viene con una pantalla táctil Super AMOLED de 3.1 pulgadas y teclado físico QWERTY, para una mejor navegación y una fácil escritura al momento de enviar mensajes, correos o actualizar tu estado en redes sociales.\r\n',10,10,NULL,'http://catalogo.movistar.com.pe/blackberry-q10-lte'),(2457,'Samsung E2230','Samsung E2230',1,219,'E2230.png',4,'\r\n\r\n	El Samsung E2230 es un teléfono de diseño ergonómico y duradero, fácil de utilizar el cual te brindará una experiencia musical de primera, almacena todas tus canciones en una tarjeta microSD (hasta 8 GB)',10,10,NULL,'http://catalogo.movistar.com.pe/samsung-e2230'),(2458,'Samsung Galaxy Ch@t B5330','Samsung Galaxy Ch@t B5330',1,499,'GALAXY CHAT B5330.png',3,'\r\n\r\n	Equipado con una pantalla de 3 pulgadas de gran resolución que brinda la mejor visualización y una experiencia de usuario mejorada. Posee un teclado QWERTY físico de diseño ergonómico, confortable para enviar mensajes, correos o navegar por internet. Cuenta con un potente procesador de gran desempeño que brinda la posibilidad de ejecutar múltiples tareas al mismo tiempo.',10,10,NULL,'http://catalogo.movistar.com.pe/samsung-galaxy-ch@t-b5330'),(2459,'Samsung Galaxy Fame S6810','Samsung Galaxy Fame S6810',1,659,'GALAXY FAME S6810.png',3,'\r\n\r\n	El celular Samsung Galaxy Fame S6810, cuenta con un procesador de 1Ghz y 512 de memoria RAM.\r\n	Este Smartphone tiene una capacidad de almacenamiento interno de 4GB, pero se puede expandir su capacidad a través de una memoria externa micro SD de hasta 64Gb\r\n	Posee una pantalla táctil de 3.5 pulgadas en la cual se puede visualizar con mucha comodidad videos en formato MP4, WMV, H.264 y H.263.',10,10,NULL,'http://catalogo.movistar.com.pe/samsung-galaxy-fame-s6810'),(2460,'Nokia Lumia 520','Nokia Lumia 520',1,649,'LUMIA 520.png',3,'\r\n\r\n	El Lumia 520 tiene pantalla táctil LCD de 4 pulgadas y es resistente a rayaduras. Además cuenta con una gran capacidad de almacenamiento a través de una memoria externa microSD de hasta 64Gb.\r\n	Cámara de 5MP, captura imágenes de 2592x1936 píxeles, tiene funciones de autoenfoque y geo-etiquetado, además graba video en HD con calidad de 720p.',10,10,NULL,'http://catalogo.movistar.com.pe/nokia-lumia-520'),(2461,'Nokia C2-01','Nokia C2-01',1,349,'C2 01.png',4,'',10,10,NULL,'http://catalogo.movistar.com.pe/nokia-c2-01'),(2462,'Samsung Galaxy Pocket Neo S5310','Samsung Galaxy Pocket Neo S5310',1,479,'GALAXY POCKET NEO S5310.png',3,'\r\n\r\n	El Samsung E2230 combina un diseño atractivo con sorprendentes características en un tamaño compacto. Posee un procesador de 850 MHz, con 512 MB de memoria RAM y tiene capacidad de almacenamiento interno de 4 GB de memoria interna, expandible con memoria microSD hasta 32 GB. Incluye opciones avanzadas, como el sistema operativo Android, Jelly Bean 4.1 con el cual podrás descargar diversas aplicaciones desde el Google Play Store.',10,10,NULL,'http://catalogo.movistar.com.pe/samsung-galaxy-pocket-neo-s5310'),(2463,'Apple iPhone 5S 16GB','Apple iPhone 5S 16GB',1,2499,'IPHONE 5S 16GB.png',3,'\r\n\r\n	El iPhone 5S es un Smartphone con un procesador A7 de 64 bits, lo que lo convierte en uno de lo más veloces. Cuenta con 1 GB de memoria RAM y viene en una presentación de 16 GB de almacenamiento interno. Soporta redes LTE (4G) de diferentes bandas, Bluetooth 4.0 y WiFi. Además, cuenta con la última versión del sistema operativo de Apple el iOS 7, el cual ofrece nuevas y mejores prestaciones, como la integración de cuentas de Facebook y Twitter sin tener que instalar ninguna aplicación.',10,10,NULL,'http://catalogo.movistar.com.pe/apple-iphone-5s-16gb'),(2464,'LG G2 D805','LG G2 D805',1,2099,'G2 D805.png',3,'\r\n\r\n	El LG G2 es un Smartphone muy potente con un procesador de cuatro núcleos Snapdragon a 2,26 GHz. Cuenta con una memoria RAM de 2GB y una capacidad de almacenamiento interna de hasta 32 GB, lo que lo convierte en uno de los teléfonos mejor equipados. LG incorporó en este modelo la tecnología Graphic RAM que permite reducir el consumo de energía de la pantalla, lo cual le brinda una mejor autonomía. Tiene una gran pantalla de 5,2 pulgadas Full HD (423ppp), multitáctil capacitiva con Gorila Glass 2.',10,10,NULL,'http://catalogo.movistar.com.pe/lg-g2-d805'),(2465,'LG Optimus L1 II E410','LG Optimus L1 II E410',1,479,'OPTIMUS L1 II E410.png',3,'\r\n\r\n	El celular LG Optimus L1 II E410 viene con sistema operativo Android 4.1 (Jelly Bean) y acceso a la tienda de aplicaciones Google Play, donde se puede descargar diversas aplicaciones gratuitas y otras más a muy bajo precio.\r\n	El modelo LG Optimus L1 II cuenta con una ranura para la memoria externa, en donde se puede almacenar todo tipo de archivos en una tarjeta de memoria microSD con capacidad de hasta 32 Gb.',10,10,NULL,'http://catalogo.movistar.com.pe/lg-optimus-l1-ii-e410'),(2466,'Sony Xperia Z1 C6906','Sony Xperia Z1 C6906',1,2499,'XPERIA Z1 C6906.png',3,'\r\n\r\n	El Sony Xperia Z1 es un Smartphone que cuenta con el nuevo procesador Qualcomm Snapdragon 800, Quad-core de 2.2 GHz. Cuenta con2 GB de memoria RAM y tiene una capacidad de almacenamiento interno de 16 GB, expandible con tarjetas microSD de hasta 64 GB. Viene con el sistema operativo Android Jelly Bean 4.3, con el que podrás descargar miles de aplicaciones desde Google Play.',10,10,NULL,'http://catalogo.movistar.com.pe/sony-xperia-z1-c6906'),(2467,'Motorola Moto X XT1058 LTE','Motorola Moto X XT1058 LTE',1,2399,'MOTO X XT1058 LTE.png',3,'\r\n\r\n	El Motorola XT 1058, también conocido como el Moto X, cuenta con el sistema operativo Android 4.2 (Jelly Bean) y total acceso a la tienda de aplicaciones Google Play, donde podrás descargar miles de aplicaciones gratuitas y muchas otras a un bajo precio. Cuenta además con un procesador Dual-Core de 1.7 Ghz y una memoria RAM de 2Gb, ideal para realizar múltiples tareas como enviar correos, revisar las redes sociales o revisar documentos.',10,10,NULL,'http://catalogo.movistar.com.pe/motorola-moto-x-xt1058-lte'),(2468,'LG F3 P659','LG F3 P659',1,1099,'F3 P659.png',3,'\r\n\r\n	El LG P659 F3 es un Smartphone con un procesador Dual-core de 1.2 GHz, cuenta con1GB de memoria RAM y tiene una capacidad de almacenamiento interno de 4 GB, expandible con tarjetas microSD de hasta 32 GB. Viene con el sistema operativo Android Jelly Bean 4.1.2, con el que podrás descargar miles de aplicaciones desde Google Play Store.',10,10,NULL,'http://catalogo.movistar.com.pe/lg-f3-p659'),(2469,'Nokia Lumia 625','Nokia Lumia 625',1,1099,'LUMIA 625.png',3,'\r\n\r\n	El Nokia Lumia 625 es un Smartphone que cuenta con un procesador Qualcomm Snapdragon S4, Dual-core de 1.2 GHz. Cuenta con 512 MB de memoria RAM y tiene una capacidad de almacenamiento interno de 8 GB, expandible con tarjetas microSD de hasta 32 GB. Viene con el sistema operativo Windows Phone 8, con el que podrás descargar miles de aplicaciones desde su tienda como el popular Here Maps.',10,10,NULL,'http://catalogo.movistar.com.pe/nokia-lumia-625'),(2470,'Huawei G526','Huawei G526',1,999,'G526.png',3,'\r\n\r\n	El Huawei G526 es un Smartphone con un procesadorde 1.2 GHz, cuenta con1GB de memoria RAM y tiene una capacidad de almacenamiento interno de 4 GB, expandible con tarjetas microSD de hasta 32 GB. Viene con el sistema operativo Android Jelly Bean 4.1, con el que podrás descargar miles de aplicaciones desde Google Play.',10,10,NULL,'http://catalogo.movistar.com.pe/huawei-g526'),(2471,'ZTE Open 2','ZTE Open 2',1,239,'OPEN 2.png',3,'\r\n\r\n	El ZTE Open es un Smartphone con un procesador dual-core de 1.2 GHz, cuenta con 256 MB de memoria RAM y tiene una capacidad de almacenamiento interno de 2 GB (el usuario dispone de 320MB para almacenar archivos), expandible con tarjeta microSD de hasta 32 GB. Este Smartphone viene con el novedoso sistema Operativo Firefox OS con el que podrás gestionar de manera rápida e intuitiva todos los accesos de tu teléfono. También puedes disfrutar de todas sus aplicaciones desde Firefox Marketplace.',10,10,NULL,'http://catalogo.movistar.com.pe/zte-open-2'),(2472,'Samsung Galaxy Note 3 N900W8 + Galaxy Gear','Samsung Galaxy Note 3 N900W8 + Galaxy Gear',1,4449,'GALAXY NOTE 3 N900W8  GALAXY GEAR.png',3,'\r\n\r\n	Con un diseño más estilizado y con Android Jelly Bean 4.3 disfruta de todas tus aplicaciones desde su pantalla Full HD de 5,7 Super Amoled con Gorilla Glass.  Accede a tus perfiles de redes sociales como Facebook, Twitter, Google Plus y navega a tu gusto. Revisa y responde correos desde tus cuentas de Gmail, Outlook, Yahoo o Hotmail. Navegar por Google Maps nunca resulto ser más cómodo. ',10,10,NULL,'http://catalogo.movistar.com.pe/samsung-galaxy-note-3-n900w8--galaxy-gear'),(2473,'Apple iPhone 5S 32GB','Apple iPhone 5S 32GB',1,2899,'IPHONE 5S 32GB.png',3,'\r\n\r\n	El iPhone 5S es un Smartphone con un procesador A7 de 64 bits, lo que lo convierte en uno de lo más veloces. Cuenta con 1 GB de memoria RAM y viene en una presentación de 32 GB de almacenamiento interno. Soporta redes LTE (4G) de diferentes bandas, Bluetooth 4.0 y WiFi. Además, cuenta con la última versión del sistema operativo de Apple el iOS 7, el cual ofrece nuevas y mejores prestaciones, como la integración de cuentas de Facebook y Twitter sin tener que instalar ninguna aplicación.',10,10,NULL,'http://catalogo.movistar.com.pe/apple-iphone-5s-32gb'),(2474,'Huawei Y330','Huawei Y330',1,399,'Y330.png',3,'\r\n\r\n	El Huawei Y330 es un Smartphone con un procesador Dual-core de 1.3 GHz, cuenta con 512 MB de memoria RAM y tiene una capacidad de almacenamiento interno de 4 GB (el usuario dispone de 2.18 GB para almacenar archivos), expandible con tarjetas microSD de hasta 32 GB. Viene con el sistema operativo Android Jelly Bean 4.2.2, con el que podrás descargar miles de aplicaciones desde Google Play. También cuenta con radio FM para que disfrutes de la música que te gusta en tu emisora preferida.',10,10,NULL,'http://catalogo.movistar.com.pe/huawei-y330'),(2475,'Alcatel OT-4019 Fire C','Alcatel OT-4019 Fire C',1,269,'OT 4019 FIRE C.png',3,'\r\n\r\n	El Alcatel One Touch Fire 4012 es un Smartphone que cuenta con un procesador Qualcomm Snapdragon S1 MSM7227A / ARM Cortex-A5 de 1 GHz. Cuenta con 256 de memoria RAM y tiene una capacidad de almacenamiento interno de 256 MB, expandible con tarjetas microSD de hasta 32 GB. Viene con el sistema operativo Firefox OS de Mozilla, con el que podrás gestionar de manera rápida e intuitiva todos los accesos de tu teléfono. También puedes disfrutar de todas sus aplicaciones desde Firefox Marketplace.',10,10,NULL,'http://catalogo.movistar.com.pe/alcatel-ot-4019-fire-c'),(2476,'Motorola Moto E XT1021','Motorola Moto E XT1021',1,649,'MOTO E XT1021.png',3,'\r\n\r\n	El Motorla XT1021 Moto E es un Smartphone que cuenta con un procesador Dual-core de1.2GHz. Cuenta con 1 GB de memoria RAM y tiene una capacidad de almacenamiento interno de 4 GB (el usuario dispone de2.16 GB para almacenar archivos), expandible con tarjetas microSD de hasta 32 GB. Viene con el sistema operativo Android KitKat 4.4.2, con el que podrás descargar miles de aplicaciones desde Google Play Store.',10,10,NULL,'http://catalogo.movistar.com.pe/motorola-moto-e-xt1021'),(2477,'Samsung Galaxy Ace 4','Samsung Galaxy Ace 4',1,759,'GALAXY ACE 4.png',3,'\r\n\r\n	El Samsung Galaxy Ace 4 es un celular compacto y diseñado para tus necesidades. Posee un procesador de dual core de 1.2 GHz con 1 GB de memoria RAM y tiene capacidad de almacenamiento interno de 4 GB de memoria interna (el usuario dispone de 2.03 GB para almacenar archivos), expandible con memoria microSD hasta 64 GB. Incluye opciones avanzadas, como el sistema operativo Android 4.4 Kitkat, con el cual podrás descargar diversas aplicaciones desde el Google Play Store.',10,10,NULL,'http://catalogo.movistar.com.pe/samsung-galaxy-ace-4'),(2478,'Apple iPhone 5S 64GB','Apple iPhone 5S 64GB',1,3099,'IPHONE 5S 64GB.png',3,'\r\n\r\n	El iPhone 5S es un Smartphone con un procesador A7 de 64 bits, lo que lo convierte en uno de lo más veloces. Cuenta con 1 GB de memoria RAM y viene en una presentación de 64 GB de almacenamiento interno. Soporta redes LTE (4G) de diferentes bandas, Bluetooth 4.0 y WiFi. Además, cuenta con la última versión del sistema operativo de Apple el iOS 7, el cual ofrece nuevas y mejores prestaciones, como la integración de cuentas de Facebook y Twitter sin tener que instalar ninguna aplicación.',10,10,NULL,'http://catalogo.movistar.com.pe/apple-iphone-5s-64gb'),(2479,'Huawei Ascend G6','Huawei Ascend G6',1,209,'ASCEND G6.png',3,'\r\n\r\n	El Huawei Ascend G6 es un Smartphone con un procesador Qualcomm MSM8926 de 1.2GHz, cuenta con 1GB de memoria RAM y tiene una capacidad de almacenamiento interno de 8 GB, expandible con tarjetas microSD de hasta 32 GB. Viene con el sistema operativo Android Jelly Bean 4.3, con el que podrás descargar las aplicaciones más populares desde Google Play. Disfruta de este elegante Smartphone extra delgado de 7.85mm y bordes curvos. ',10,10,NULL,'http://catalogo.movistar.com.pe/huawei-ascend-g6'),(2480,'Motorola Moto X XT1097','Motorola Moto X XT1097',1,1599,'MOTO X XT1097.png',3,'\r\n\r\n	El nuevo Moto X es un Smartphone con un procesador quad-core Qualcomm Snapdragon TM 801 de 2.5 GHz, con 2GB de memoria RAM y tiene una capacidad de almacenamiento interno de 32 GB. Viene con el sistema operativo Android Kitkat 4.4.4,  para que desde Google Play Store puedas descargar una infinidad de aplicaciones según tus gustos y necesidades.',10,10,NULL,'http://catalogo.movistar.com.pe/motorola-moto-x-xt1097'),(2481,'Samsung Galaxy S5 G900','Samsung Galaxy S5 G900',1,2699,'GALAXY S5 G900.png',3,'\r\n\r\n	El Samsung Galaxy S5 es un Smartphone con un Procesador quad-core de 2.5 GHz, con 2GB de memoria RAM y tiene una capacidad de almacenamiento interno de 16 GB, expandible con tarjetas microSD de hasta 32 GB. Viene con el sistema operativo Android Kitkat 4.4.2,  para que desde  Google Play Store puedas descargar una infinidad de aplicaciones según tus gustos y necesidades.',10,10,NULL,'http://catalogo.movistar.com.pe/samsung-galaxy-s5-g900'),(2482,'Samsung Galaxy Note 3 N900W8','Samsung Galaxy Note 3 N900W8',1,3499,'GALAXY NOTE 3 N900W8.png',3,'\r\n\r\n	Con un diseño más estilizado y con Android Jelly Bean 4.3 disfruta de todas tus aplicaciones desde su pantalla Full HD de 5,7 Super Amoled con Gorilla Glass.  Accede a tus perfiles de redes sociales como Facebook, Twitter, Google Plus y navega a tu gusto. Revisa y responde correos desde tus cuentas de Gmail, Outlook, Yahoo o Hotmail. Navegar por Google Maps nunca resulto ser más cómodo. ',10,10,NULL,'http://catalogo.movistar.com.pe/samsung-galaxy-note-3-n900w8'),(2483,'Apple iPhone 6 128GB','Apple iPhone 6 128GB',1,2249,'IPHONE 6 128GB.png',3,'\r\n\r\n	El iPhone 6 es un Smartphone con un procesador A8 de 64 bits de segunda generación, como los que utilizan las computadoras de escritorio y además cuenta con un coprocesador de movimiento M8, el cual le da una increíble potencia. Cuenta con 1 GB de memoria RAM y viene en una presentación de 128 GB de almacenamiento interno. ',10,10,NULL,'http://catalogo.movistar.com.pe/apple-iphone-6-128gb'),(2484,'Apple iPhone 6 Plus 64GB','Apple iPhone 6 Plus 64GB',1,2279,'IPHONE 6 PLUS 64GB.png',3,'\r\n\r\n	El iPhone 6 Plus es el Smartphone más grande que Apple ha desarrollado. Posee un procesador A8 de 64 bits de segunda generación, como los que utilizan las computadoras de escritorio y además cuenta con un coprocesador de movimiento M8, el cual le da una increíble potencia. Cuenta con 1 GB de memoria RAM y viene en una presentación de 64 GB de almacenamiento interno. Soporta redes LTE (4G) de diferentes bandas, Bluetooth 4.0 y WiFi. ',10,10,NULL,'http://catalogo.movistar.com.pe/apple-iphone-6-plus-64gb'),(2485,'Apple iPhone 6 Plus 128GB','Apple iPhone 6 Plus 128GB',1,2709,'IPHONE 6 PLUS 128GB.png',3,'\r\n\r\n	El iPhone 6 Plus es el Smartphone más grande que Apple ha desarrollado. Posee un procesador A8 de 64 bits de segunda generación, como los que utilizan las computadoras de escritorio y además cuenta con un coprocesador de movimiento M8, el cual le da una increíble potencia. Cuenta con 1 GB de memoria RAM y viene en una presentación de 128 GB de almacenamiento interno y  112 GB de memoria para usuario. Soporta redes LTE (4G) de diferentes bandas, Bluetooth 4.0 y WiFi. ',10,10,NULL,'http://catalogo.movistar.com.pe/apple-iphone-6-plus-128gb'),(2486,'LG G3 Beat D722','LG G3 Beat D722',1,849,'G3 BEAT D722.png',3,'\r\n\r\n	LG G3 Beat es un Smartphone con un Procesador quad-core Snapdragon de 1.2 GHz, con 1GB de memoria RAM. Tiene una capacidad de almacenamiento interno de 8 GB (el usuario dispone de 3.74 GB para almacenar archivos), expandible hasta 32 GB. Además, viene con Android KitKat 4.4.2, con el que podrás descargar todas las apps que desees desde Google Play. Sumérgete en nuevas experiencias con su diseño Premium curvo súper compacto.',10,10,NULL,'http://catalogo.movistar.com.pe/lg-g3-beat-d722'),(2487,'Sony Xperia E1 D2004','Sony Xperia E1 D2004',1,519,'XPERIA E1 D2004.png',3,'\r\n\r\n	El Sony Xperia E1 D2004 es un Smartphone que cuenta con un procesador Dual Core de 1.2 GHz, 512 MB de memoria RAM y una capacidad de almacenamiento interno de 4GB que, además, puedes expandir con memoria SD hasta 32 GB.  Este Smartphone viene con el sistema operativo Android Jelly Bean Versión 4.3 con la cual podrás descargar una gran diversidad de aplicaciones desde Google Play.',10,10,NULL,'http://catalogo.movistar.com.pe/sony-xperia-e1-d2004'),(2488,'Alcatel POP C1 - 4015','Alcatel POP C1 - 4015',1,329,'POP C1   4015.png',3,'\r\n\r\n	El Alcatel POP C1 3 es un Smartphone con un procesador dual-core de 1 GHz, con 512 MB de memoria RAM y tiene capacidad de almacenamiento interno de 4 GB, expandible con memoria microSD hasta 32 GB. Este Smartphone viene con el sistema operativo Android Jelly Bean 4.2 sistema operativo popular gracias a la gran diversidad de aplicaciones que podrás conseguir a través de Google Play Store.',10,10,NULL,'http://catalogo.movistar.com.pe/alcatel-pop-c1---4015'),(2489,'Samsung Galaxy Grand II SM-G7105L','Samsung Galaxy Grand II SM-G7105L',1,899,'GALAXY GRAND II SM G7105L.png',3,'\r\n\r\n	El Samsung Galaxy Grand II es un Smartphone con un procesador quad-core de 1.2 GHz, con 1.5 GB de memoria RAM y tiene capacidad de almacenamiento interno de 8 GB, expandible con memoria microSD hasta 64 GB. Este Smartphone viene con el sistema operativo Android Jelly Bean 4.3 conocido por la gran variedad de aplicaciones que puedes conseguir a través de Google Play Store.',10,10,NULL,'http://catalogo.movistar.com.pe/samsung-galaxy-grand-ii-sm-g7105l'),(2490,'Sony Xperia SP C5306','Sony Xperia SP C5306',1,1199,'XPERIA SP C5306.png',3,'\r\n\r\n	El Sony Xperia C5306 es un Smartphone con un procesador Dual-core de 1.7 GHz, cuenta con1 GB de memoria RAM y tiene una capacidad de almacenamiento interno de 8 GB, expandible con tarjetas microSD de hasta 32 GB. Viene con el sistema operativo Android Jelly Bean 4.1, con el que podrás descargar miles de aplicaciones desde Google Play.',10,10,NULL,'http://catalogo.movistar.com.pe/sony-xperia-sp-c5306'),(2491,'LG G2 Mini D625','LG G2 Mini D625',1,1199,'G2 MINI D625.png',3,'\r\n\r\n	El LG G2 Mini es un Smartphone con un Procesador quad-core de 1.7 GHz, con 1 GB de memoria RAM y tiene una capacidad de almacenamiento interno de 8GB, expandible con tarjetas microSD hasta 32 GB. Este Smarphone viene con el sistema operativo Android Kitkat 4.4,  para que puedas descargar todas las aplicaciones que quieras desde  Google Play Store.',10,10,NULL,'http://catalogo.movistar.com.pe/lg-g2-mini-d625'),(2492,'Sony Xperia M2 D2306','Sony Xperia M2 D2306',1,1099,'XPERIA M2 D2306.png',3,'\r\n\r\n	El Sony Xperia M2 es un Smartphone con un Procesador Qualcomm Snapdragon quad-core de 1.2 GHz, con 1 GB de memoria RAM, lo que te permitirá tener un rendimiento increíblemente rápido. Tiene una capacidad de almacenamiento interno de 8GB, expandible con tarjetas microSD hasta 32 GB. Este Smartphone viene con el sistema operativo Jelly Bean 4.3, con el que podrás descargar miles de aplicaciones desde Google Play.',10,10,NULL,'http://catalogo.movistar.com.pe/sony-xperia-m2-d2306'),(2493,'Sony Xperia Z2 Sony D6503','Sony Xperia Z2 Sony D6503',1,2049,'XPERIA Z2 SONY D6503.png',3,'\r\n',10,10,NULL,'http://catalogo.movistar.com.pe/sony-xperia-z2-sony-d6503'),(2494,'Alcatel Idol 2 mini OT-6036','Alcatel Idol 2 mini OT-6036',1,899,'IDOL 2 MINI OT 6036.png',3,'\r\n\r\n	El Alcatel Idol 2 Mini es un smartphone que posee un procesador quadcore de 1.2 GHz y 1 GB de memoria RAM por lo que te brindará un rendimiento óptimo, todo será rápido y suave. Además, tiene una capacidad de almacenamiento de 4 GB de memoria interna (el usuario dispone de 1.61GB para almacenar archivos), expandible con memorias microSD a 32 GB. Viene con el sistema operativo Android 4.3 JellyBean, con el que podrás descargar una infinidad de aplicaciones desde el Google Play Store.',10,10,NULL,'http://catalogo.movistar.com.pe/alcatel-idol-2-mini-ot-6036'),(2495,'Nokia Lumia 635','Nokia Lumia 635',1,649,'LUMIA 635.png',3,'\r\n\r\n	El  Nokia Lumia 635 es un Smartphone con un Procesador Qualcomm Snapdragon 400 quad-core de 1.2 GHz, con 512 MB de memoria RAM, lo que te permitirá tener un rendimiento increíblemente rápido. Tiene una capacidad de almacenamiento interno de 8GB, expandible con tarjetas microSD hasta 128GB. Este Smartphone viene con el sistema operativo Windows Phone OS 8.1, con el que podrás descargar diversas aplicaciones desde su tienda y disfruta de la experiencia de una perfecta sincronización en tiempo real entre todas las pantallas (PC, Tablet, Smartphone) gracias a sus nuevas funciones.',10,10,NULL,'http://catalogo.movistar.com.pe/nokia-lumia-635'),(2496,'Motorola Moto G XT-1040 LTE','Motorola Moto G XT-1040 LTE',1,399,'MOTO G XT 1040 LTE.png',3,'\r\n\r\n	',10,10,NULL,'http://catalogo.movistar.com.pe/motorola-moto-g-xt-1040-lte'),(2497,'Alcatel POP S3 - OT-5050','Alcatel POP S3 - OT-5050',1,629,'POP S3   OT 5050.png',3,'\r\n\r\n	El Alcatel OneTouch POP S3 es un colorido Smartphone que viene con un procesador quad core de 1.2 GHz y 1 GB de memoria RAM para brindarte el mejor rendimiento. Tiene una capacidad de almacenamiento de 4 GB de memoria interna (dispone de 1.61 GB para almacenar archivos), expandible con memoria microSD hasta 32 GB. Viene con el sistema operativo Android JellyBean 4.3, con el que podrás descargar miles de aplicaciones desde el Google Play Store.',10,10,NULL,'http://catalogo.movistar.com.pe/alcatel-pop-s3---ot-5050'),(2498,'Apple iPhone 6 64GB','Apple iPhone 6 64GB',1,1989,'IPHONE 6 64GB.png',3,'\r\n\r\n	El iPhone 6 es un Smartphone con un procesador A8 de 64 bits de segunda generación, como los que utilizan las computadoras de escritorio y además cuenta con un coprocesador de movimiento M8, el cual le da una increíble potencia. Cuenta con 1 GB de memoria RAM y viene en una presentación de 64 GB de almacenamiento interno. ',10,10,NULL,'http://catalogo.movistar.com.pe/apple-iphone-6-64gb'),(2499,'LG G3 + G Watch','LG G3 + G Watch',1,1899,'G3  G WATCH.png',3,'',10,10,NULL,'http://catalogo.movistar.com.pe/lg-g3--g-watch'),(2500,'Samsung Galaxy S5 Mini G800','Samsung Galaxy S5 Mini G800',1,1799,'GALAXY S5 MINI G800.png',3,'\r\n\r\n	El Samsung Galaxy S5 mini es un Smartphone con un Procesador quad-core de 1.4 GHz, con 1.5 GB de memoria RAM y tiene una capacidad de almacenamiento interno de 16 GB, expandible con tarjetas microSD de hasta 64 GB. Viene con el sistema operativo Android Kitkat 4.4.2,  para que puedas descargar todas las aplicaciones que quieras desde  Google Play Store.',10,10,NULL,'http://catalogo.movistar.com.pe/samsung-galaxy-s5-mini-g800'),(2501,'Huawei Y220','Huawei Y220',1,369,'Y220.png',3,'\r\n\r\n	El Huawei Y220 es un Smartphone con un procesador Dual-core de 1.0 GHz, cuenta con 256 MB de memoria RAM y tiene una capacidad de almacenamiento interno de 512 MB, expandible con tarjetas microSD de hasta 32 GB. Viene con el sistema operativo Android Gingerbread 2.3, con el que podrás descargar aplicaciones desde Google Play. También cuenta con radio FM para que disfrutes de la música que te gusta en tu emisora preferida.',10,10,NULL,'http://catalogo.movistar.com.pe/huawei-y220'),(2502,'LG F60','LG F60',1,899,'F60.png',3,'\r\n\r\n	El LG F60 es un Smartphone con un Procesador Qualcomm quad-core de 1.2 GHz con el cual disfrutarás de una mayor potencia lo que te permitirá ejecutar múltiples aplicaciones y navegar por la web sin esfuerzo. Además, cuenta con 1 GB de memoria RAM y tiene una capacidad de almacenamiento interno de 4 GB (el usuario dispone de 1.09 GB para almacenar archivos). Este Smartphone viene con el sistema operativo Android KitKat 4.4, para que puedas descargar todas las aplicaciones que quieras desde Google Play Store.',10,10,NULL,'http://catalogo.movistar.com.pe/lg-f60'),(2503,'Sony Xperia Z3 D6603','Sony Xperia Z3 D6603',1,2599,'XPERIA Z3 D6603.png',3,'\r\n\r\n	El Sony Xperia Z3 es un Smartphone con un Procesador Qualcomm quad-core Snapdragon de 2.5 GHz, con 3GB de memoria RAM, con la cual tu Smartphone tendrá un rendimiento y velocidad que no has experimentado antes.Tiene una capacidad de almacenamiento interno de 16GB (el usuario dispone de 10.94 GB para almacenar archivos), expandible hasta 128 GB. Además, viene con Android KitKat 4.4.4, con el que podrás descargar todas las apps que desees desde Google Play. Sumérgete en nuevas experiencias con su diseño Premium y la más alta resistencia al agua.',10,10,NULL,'http://catalogo.movistar.com.pe/sony-xperia-z3-d6603'),(2504,'Sony Xperia T3 D5106','Sony Xperia T3 D5106',1,899,'XPERIA T3 D5106.png',3,'\r\n\r\n	El Sony Xperia T3 es un Smartphone delgado que cuenta con el nuevo procesador Qualcomm Snapdragon Quad-core de 1.4 GHz. Cuenta con 1 GB de memoria RAM y tiene una capacidad de almacenamiento interno de 8 GB, expandible con tarjetas microSD de hasta 32 GB. Viene con el sistema operativo Android KitKat 4.4.2, con el que podrás descargar miles de aplicaciones desde Google Play.',10,10,NULL,'http://catalogo.movistar.com.pe/sony-xperia-t3-d5106'),(2505,'Apple iPhone 6 16GB','Apple iPhone 6 16GB',1,1619,'IPHONE 6 16GB.png',3,'\r\n\r\n	El iPhone 6 es un Smartphone con un procesador A8 de 64 bits de segunda generación, como los que utilizan las computadoras de escritorio y además cuenta con un coprocesador de movimiento M8, el cual le da una increíble potencia. Cuenta con 1 GB de memoria RAM y viene en una presentación de 16 GB de almacenamiento interno. ',10,10,NULL,'http://catalogo.movistar.com.pe/apple-iphone-6-16gb'),(2506,'Apple iPhone 6 Plus 16GB','Apple iPhone 6 Plus 16GB',1,1949,'IPHONE 6 PLUS 16GB.png',3,'\r\n\r\n	El iPhone 6 Plus es el Smartphone más grande que Apple ha desarrollado. Posee un procesador A8 de 64 bits de segunda generación, como los que utilizan las computadoras de escritorio y además cuenta con un coprocesador de movimiento M8, el cual le da una increíble potencia. Cuenta con 1 GB de memoria RAM y viene en una presentación de 16 GB de almacenamiento interno. Soporta redes LTE (4G) de diferentes bandas, Bluetooth 4.0 y WiFi. ',10,10,NULL,'http://catalogo.movistar.com.pe/apple-iphone-6-plus-16gb'),(2507,'Sony Xperia E3 D2206','Sony Xperia E3 D2206',1,959,'XPERIA E3 D2206.png',3,'\r\n\r\n	El Sony Xperia E3 es un Smartphone que cuenta con un procesador Qualcomm Snapdragon quad-core de 1.2 GHz y 1 GB de memoria RAM y una capacidad de almacenamiento interno de 4GB (el usuario dispone de 1.28GB para almacenar archivos) que, además, puedes expandir con memoria SD hasta 32 GB.  Este Smartphone viene con el sistema operativo Android KitKat 4.4.2 con la cual podrás descargar una gran diversidad de aplicaciones desde Google Play. El Xperia E3 trae la mejor calidad y diseño en un paquete hecho para adaptarse a tu vida diaria.',10,10,NULL,'http://catalogo.movistar.com.pe/sony-xperia-e3-d2206'),(2508,'Nokia Lumia 830','Nokia Lumia 830',1,679,'LUMIA 830.png',3,'',10,10,NULL,'http://catalogo.movistar.com.pe/nokia-lumia-830'),(2509,'Huawei Y550','Huawei Y550',1,69,'Y550.png',3,'',10,10,NULL,'http://catalogo.movistar.com.pe/huawei-y550'),(2510,'Alcatel POP 2 OT-5042','Alcatel POP 2 OT-5042',1,659,'POP 2 OT 5042.png',3,'\r\n\r\n	El Alcatel POP 2 es un smartphone que posee un procesador quadcore de 1.2 GHz y 1 GB de memoria RAM por lo que te brindará un excelente rendimiento, olvídate de las barras de espera. Además tiene una capacidad de almacenamiento de 8 GB de memoria interna (el usuario dispone de 4.6 GB para almacenar archivos), expandible con memoria microSD hasta 32 GB. Viene con el sistema operativo Android 4.4.2 KiKat, con el que podrás descargar gran diversidad de aplicaciones desde el Google Play Store.',10,10,NULL,'http://catalogo.movistar.com.pe/alcatel-pop-2-ot-5042'),(2511,'Huawei G620','Huawei G620',1,249,'G620.png',3,'',10,10,NULL,'http://catalogo.movistar.com.pe/huawei-g620'),(2512,'Huawei G7 G760','Huawei G7 G760',1,699,'G7 G760.png',3,'\r\n\r\n	El Huawei Ascend G760 es un smartphone de diseño elegante con un procesador quad-core 1.2GHz, cuenta con 2GB de memoria RAM y tiene una capacidad de almacenamiento interno de 16 GB, expandible con tarjetas microSD de hasta 32 GB. Viene con el sistema operativo Android KitKat versión 4.4.4 para que desde Google Play Store puedas descargar una infinidad de aplicaciones según tus gustos y necesidades.',10,10,NULL,'http://catalogo.movistar.com.pe/huawei-g7-g760'),(2513,'Huawei P7','Huawei P7',1,999,'P7.png',3,'\r\n\r\n	El Ascend P7 ha sido elaborado con tecnología de punta, y es capaz de trabajar sin problemas gracias a su procesador HiSilicon Kirin 910 quad-core a 1.8GHz y sus 2GB de RAM. Posee también un almacenamiento interno de 16GB, con posibilidad de ser expandido con tarjetas microSD hasta 32GB. Viene con el sistema operativo Android Kitkat 4.4.2,  para que desde  Google Play Store puedas descargar todas las aplicaciones más populares del mercado',10,10,NULL,'http://catalogo.movistar.com.pe/huawei-p7'),(2514,'Nokia Lumia 1320','Nokia Lumia 1320',1,999,'LUMIA 1320.png',3,'\r\n\r\n	El  Nokia Lumia 1320 es un Smartphone con un Procesador Dual-core de 1.7, con 1GB de memoria RAM. Tiene una capacidad de almacenamiento interno de 8GB, expandible con tarjetas microSD hasta 64 GB. Este Smarphone viene con el sistema operativo de Microsoft, el Windows Phone OS 8.1, con el que podrás descargar diversas aplicaciones desde su tienda y disfruta de la experiencia de una perfecta sincronización en tiempo real entre todas las pantallas (PC, Tablet, Smartphone) gracias a sus nuevas funciones.',10,10,NULL,'http://catalogo.movistar.com.pe/nokia-lumia-1320'),(2515,'Samsung Galaxy A5 A500','Samsung Galaxy A5 A500',1,1199,'GALAXY A5 A500.png',3,'',10,10,NULL,'http://catalogo.movistar.com.pe/samsung-galaxy-a5-a500'),(2516,'Nokia Lumia 735','Nokia Lumia 735',1,1159,'LUMIA 735.png',3,'\r\n\r\n	El  Nokia Lumia 735 tiene un Procesador quad-core de 1 GHz, con 1 GB de memoria RAM, lo que te permitirá tener un rendimiento óptimo. Su capacidad de almacenamiento interno es de 8 GB (3.48 GB para el usuario), expandible hasta 128 GB. Además, viene con el sistema operativo Windows Phone OS 8.1 con el que podrás disfrutar de la experiencia de una perfecta sincronización en tiempo real entre todas las pantallas (PC, Tablet, Smartphone) gracias a sus nuevas funciones.',10,10,NULL,'http://catalogo.movistar.com.pe/nokia-lumia-735'),(2517,'LG G3 D855','LG G3 D855',1,1859,'G3 D855.png',3,'\r\n\r\n	La pantalla Quad HD del LG G3 cuenta con una resolución de 2560 x 1440 pixeles por lo que tiene 538 dpi, haciendo que las imágenes se vean con la mayor nitidez y los colores más vibrantes dentro de su pantalla de 5,5 pulgadas.',10,10,NULL,'http://catalogo.movistar.com.pe/lg-g3-d855'),(2518,'Apple iPhone 5C 16GB','Apple iPhone 5C 16GB',1,2199,'IPHONE 5C 16GB.png',3,'\r\n\r\n	El iPhone 5C es un Smartphone con un procesador A6 dual-core a 1,3 GHz. Cuenta con 1 GB de memoria RAM y viene en una presentación de 16 GB de almacenamiento interno. Soporta redes LTE de diferentes bandas, Bluetooth 4.0 y WiFi 802.11. Además, cuenta con el sistema operativo iOS 7, la última versión del sistema operativo de Apple, el cual incluye nuevas y mejores prestaciones. Entre las que destaca la integración de cuentas de Facebook y Twitter por defecto.',10,10,NULL,'http://catalogo.movistar.com.pe/apple-iphone-5c-16gb'),(2519,'LG Optimus L9 P768','LG Optimus L9 P768',1,1099,'OPTIMUS L9 P768.png',3,'\r\n\r\n	El modelo LG Optimus L9 P768 es un celular inteligente elegante y de gran diseño, pero que además aprovecha lo mejor de la tecnología actual para darle la potencia necesaria para ser un Smartphone de calidad y buen rendimiento. Cuenta con un procesador Dual-Core de 1GHz y memoria RAM de 1 GB y viene con sistema operativo Android 4.0 (Ice Cream Sandwich).',10,10,NULL,'http://catalogo.movistar.com.pe/lg-optimus-l9-p768'),(2520,'Samsung Galaxy E7 E700M','Samsung Galaxy E7 E700M',1,799,'GALAXY E7 E700M.png',3,'\r\n\r\n	El Samsung Galaxy E7 tiene un procesador quad-core de 1.2 GHz, posee 2GB de memoria RAM, así como una memoria interna de 16GB y una tarjeta gráfica Qualcomm Adreno 306. Con él podrás trabajar sin problemas con diversas aplicaciones, así como ejecutar hasta los mejores juegos del momento. Además, con Android 4.4.4 KitKat este celular se adaptará muy bien a tu estilo de vida, permitiéndote autonomía personal y laboral en un solo Smartphone.',10,10,NULL,'http://catalogo.movistar.com.pe/samsung-galaxy-e7-e700m');
/*!40000 ALTER TABLE `product` ENABLE KEYS */;
UNLOCK TABLES;

--
-- Table structure for table `product_category`
--

DROP TABLE IF EXISTS `product_category`;
/*!40101 SET @saved_cs_client     = @@character_set_client */;
/*!40101 SET character_set_client = utf8 */;
CREATE TABLE `product_category` (
  `product_category_id` bigint(20) NOT NULL AUTO_INCREMENT,
  `product_category_name` varchar(600) NOT NULL,
  `product_category_image_path` varchar(100) NOT NULL,
  PRIMARY KEY (`product_category_id`)
) ENGINE=InnoDB AUTO_INCREMENT=6 DEFAULT CHARSET=utf8;
/*!40101 SET character_set_client = @saved_cs_client */;

--
-- Dumping data for table `product_category`
--

LOCK TABLES `product_category` WRITE;
/*!40000 ALTER TABLE `product_category` DISABLE KEYS */;
INSERT INTO `product_category` VALUES (1,'Internet Fijo','image_category.png'),(2,'Telefonía Fija','image_category.png'),(3,'Smartphone','image_category.png'),(4,'Basico','image_category.png'),(5,'Tv Cable','image_category.png');
/*!40000 ALTER TABLE `product_category` ENABLE KEYS */;
UNLOCK TABLES;

--
-- Table structure for table `product_has_company`
--

DROP TABLE IF EXISTS `product_has_company`;
/*!40101 SET @saved_cs_client     = @@character_set_client */;
/*!40101 SET character_set_client = utf8 */;
CREATE TABLE `product_has_company` (
  `product_id` bigint(20) NOT NULL,
  `company_id` bigint(20) NOT NULL,
  `product_has_company_positive` int(11) NOT NULL,
  `product_has_company_negative` int(11) NOT NULL,
  KEY `fk_product_has_company_1_idx` (`product_id`),
  KEY `fk_product_has_company_company_idx` (`company_id`),
  CONSTRAINT `fk_product_has_company_company` FOREIGN KEY (`company_id`) REFERENCES `company` (`company_id`) ON DELETE NO ACTION ON UPDATE NO ACTION,
  CONSTRAINT `fk_product_has_company_product` FOREIGN KEY (`product_id`) REFERENCES `product` (`product_id`) ON DELETE NO ACTION ON UPDATE NO ACTION
) ENGINE=InnoDB DEFAULT CHARSET=utf8;
/*!40101 SET character_set_client = @saved_cs_client */;

--
-- Dumping data for table `product_has_company`
--

LOCK TABLES `product_has_company` WRITE;
/*!40000 ALTER TABLE `product_has_company` DISABLE KEYS */;
/*!40000 ALTER TABLE `product_has_company` ENABLE KEYS */;
UNLOCK TABLES;

--
-- Table structure for table `review`
--

DROP TABLE IF EXISTS `review`;
/*!40101 SET @saved_cs_client     = @@character_set_client */;
/*!40101 SET character_set_client = utf8 */;
CREATE TABLE `review` (
  `review_id` bigint(20) NOT NULL AUTO_INCREMENT,
  `review_title` varchar(600) NOT NULL,
  `review_body` text NOT NULL,
  `review_polarity` int(11) NOT NULL,
  `product_id` bigint(20) NOT NULL,
  `company_id` bigint(20) NOT NULL,
  `source_id` bigint(20) NOT NULL,
  PRIMARY KEY (`review_id`),
  KEY `fk_review_product_idx` (`product_id`),
  KEY `fk_review_source_idx` (`source_id`),
  KEY `fk_review_company_idx` (`company_id`),
  CONSTRAINT `fk_review_company` FOREIGN KEY (`company_id`) REFERENCES `company` (`company_id`) ON DELETE NO ACTION ON UPDATE NO ACTION,
  CONSTRAINT `fk_review_product` FOREIGN KEY (`product_id`) REFERENCES `product` (`product_id`) ON DELETE NO ACTION ON UPDATE NO ACTION,
  CONSTRAINT `fk_review_source` FOREIGN KEY (`source_id`) REFERENCES `source` (`source_id`) ON DELETE NO ACTION ON UPDATE NO ACTION
) ENGINE=InnoDB AUTO_INCREMENT=3 DEFAULT CHARSET=utf8;
/*!40101 SET character_set_client = @saved_cs_client */;

--
-- Dumping data for table `review`
--

LOCK TABLES `review` WRITE;
/*!40000 ALTER TABLE `review` DISABLE KEYS */;
INSERT INTO `review` VALUES (1,'titulo1','Me guta',1,1,1,1),(2,'titulo2','No guta',-1,2,1,1);
/*!40000 ALTER TABLE `review` ENABLE KEYS */;
UNLOCK TABLES;

--
-- Table structure for table `sentence`
--

DROP TABLE IF EXISTS `sentence`;
/*!40101 SET @saved_cs_client     = @@character_set_client */;
/*!40101 SET character_set_client = utf8 */;
CREATE TABLE `sentence` (
  `sentence_id` bigint(20) NOT NULL,
  `sentence_text` varchar(1000) NOT NULL,
  `sentence_polarity` int(11) NOT NULL,
  `review_id` bigint(20) NOT NULL,
  PRIMARY KEY (`sentence_id`),
  KEY `fk_sentence_review_idx` (`review_id`),
  CONSTRAINT `fk_sentence_review` FOREIGN KEY (`review_id`) REFERENCES `review` (`review_id`) ON DELETE NO ACTION ON UPDATE NO ACTION
) ENGINE=InnoDB DEFAULT CHARSET=utf8;
/*!40101 SET character_set_client = @saved_cs_client */;

--
-- Dumping data for table `sentence`
--

LOCK TABLES `sentence` WRITE;
/*!40000 ALTER TABLE `sentence` DISABLE KEYS */;
/*!40000 ALTER TABLE `sentence` ENABLE KEYS */;
UNLOCK TABLES;

--
-- Table structure for table `source`
--

DROP TABLE IF EXISTS `source`;
/*!40101 SET @saved_cs_client     = @@character_set_client */;
/*!40101 SET character_set_client = utf8 */;
CREATE TABLE `source` (
  `source_id` bigint(20) NOT NULL AUTO_INCREMENT,
  `source_name` varchar(255) DEFAULT NULL,
  `source_url` varchar(100) DEFAULT NULL,
  `source_description` text,
  PRIMARY KEY (`source_id`)
) ENGINE=InnoDB AUTO_INCREMENT=2 DEFAULT CHARSET=utf8;
/*!40101 SET character_set_client = @saved_cs_client */;

--
-- Dumping data for table `source`
--

LOCK TABLES `source` WRITE;
/*!40000 ALTER TABLE `source` DISABLE KEYS */;
INSERT INTO `source` VALUES (1,'source','url.com','decripcion');
/*!40000 ALTER TABLE `source` ENABLE KEYS */;
UNLOCK TABLES;

--
-- Table structure for table `top_product`
--

DROP TABLE IF EXISTS `top_product`;
/*!40101 SET @saved_cs_client     = @@character_set_client */;
/*!40101 SET character_set_client = utf8 */;
CREATE TABLE `top_product` (
  `top_product_id` int(11) NOT NULL AUTO_INCREMENT,
  `product_id` bigint(20) NOT NULL,
  `product_category_id` bigint(20) NOT NULL,
  `top_product_negative` int(11) NOT NULL,
  `top_product_positive` int(11) NOT NULL,
  PRIMARY KEY (`top_product_id`),
  KEY `fk_top_product_product_idx` (`product_id`),
  KEY `fk_top_product_product_category_idx` (`product_category_id`),
  CONSTRAINT `fk_top_product_product` FOREIGN KEY (`product_id`) REFERENCES `product` (`product_id`) ON DELETE NO ACTION ON UPDATE NO ACTION,
  CONSTRAINT `fk_top_product_product_category` FOREIGN KEY (`product_category_id`) REFERENCES `product_category` (`product_category_id`) ON DELETE NO ACTION ON UPDATE NO ACTION
) ENGINE=InnoDB AUTO_INCREMENT=3 DEFAULT CHARSET=utf8;
/*!40101 SET character_set_client = @saved_cs_client */;

--
-- Dumping data for table `top_product`
--

LOCK TABLES `top_product` WRITE;
/*!40000 ALTER TABLE `top_product` DISABLE KEYS */;
INSERT INTO `top_product` VALUES (1,1,1,0,0),(2,10,2,0,0);
/*!40000 ALTER TABLE `top_product` ENABLE KEYS */;
UNLOCK TABLES;
/*!40103 SET TIME_ZONE=@OLD_TIME_ZONE */;

/*!40101 SET SQL_MODE=@OLD_SQL_MODE */;
/*!40014 SET FOREIGN_KEY_CHECKS=@OLD_FOREIGN_KEY_CHECKS */;
/*!40014 SET UNIQUE_CHECKS=@OLD_UNIQUE_CHECKS */;
/*!40101 SET CHARACTER_SET_CLIENT=@OLD_CHARACTER_SET_CLIENT */;
/*!40101 SET CHARACTER_SET_RESULTS=@OLD_CHARACTER_SET_RESULTS */;
/*!40101 SET COLLATION_CONNECTION=@OLD_COLLATION_CONNECTION */;
/*!40111 SET SQL_NOTES=@OLD_SQL_NOTES */;

-- Dump completed on 2015-04-29 10:03:45

